file,sha256,bytes,ticks
seed101_00_nominal_none_fpr_crp.ticks.csv,0829cd56ad8cf1ea548334713a12cbe79c75cb53f745027fcf525c5c05cbdd03,66516,240
seed101_00_nominal_none_mean.ticks.csv,8efe232d83a7b9917126fbcafd97314b4f6e96e8283de7ab30079b4dc682a8e5,56289,240
seed101_00_nominal_none_oracle.ticks.csv,1ece5732569a7fa18becae153b067c0084cecd6640d54275449205af6785ca2e,52728,240
seed101_01_bias_low_fpr_crp.ticks.csv,0c302d3b2a47bd43ffea9f47266c55a03ddcaa5893c2b77178b1c3e39403715c,66068,240
seed101_01_bias_low_mean.ticks.csv,3d9ca0910ae4fcfc728d804e7137e85426f8417ae62bf377289e46d14d656924,55922,240
seed101_01_bias_low_oracle.ticks.csv,ad757abbffdf223aec2ef5b9e65e867acccaaf1d29a0d4bbf7fa5c8379c5c654,52429,240
seed101_02_bias_high_fpr_crp.ticks.csv,97008137ce176b551c2acab66fc2de7a9ed152b25ac9b330ddae024eef7a91ae,65989,240
seed101_02_bias_high_mean.ticks.csv,100b5ace09b0ca8a0f36585cd15390912efaabf7c8747bc49b526dbf3d962668,56925,240
seed101_02_bias_high_oracle.ticks.csv,184031549233a33b1d508c2b12aeab8dce71453e110af43033dd4a7b02da8ffa,52664,240
seed101_03_drift_low_fpr_crp.ticks.csv,9727f1c0838bf47a58e87f8ca8ccf1e86f222c57c9edc9dc08c7890a21cf3ecb,66249,240
seed101_03_drift_low_mean.ticks.csv,1b8d71acfbb762cc2cedcb4d83a9c713c6adfaa8323a42764b7777d0de552720,55721,240
seed101_03_drift_low_oracle.ticks.csv,8058272bd07813c15152b1542a38578143995e8a7a1dabbc32b035f801e52659,52263,240
seed101_04_drift_high_fpr_crp.ticks.csv,b9bf4a93f668d6f09cdcc8163d3da22b71b950456fb97475ec8f8cf5129394b0,65981,240
seed101_04_drift_high_mean.ticks.csv,df7e19ae6d1e854595acae70aed8b21a5bdfa6b7a112d7cca422696afebdab9d,56586,240
seed101_04_drift_high_oracle.ticks.csv,2ad273a1d2e3f3938e2ebcbe0f725a7fde1fd90e08b19f6ceff2a44115c9a1b5,52407,240
seed101_05_replay_low_fpr_crp.ticks.csv,59654e702abb87f3bfa586f210824876d748d2553bba9c9e4392102502b3d567,66554,240
seed101_05_replay_low_mean.ticks.csv,2f0b077eaf5a8be5807fc1cb12d35ed319317380c3ab0915555d9b9119ada997,55553,240
seed101_05_replay_low_oracle.ticks.csv,cc07d50dcedf0cc53796caf4dd525ffa102db14b33aa9f3dad8749c8acfa4bf2,52073,240
seed101_06_replay_high_fpr_crp.ticks.csv,6a5ea6d8e86affddb0217eb1b831d6f334534269dfa852d228405ced9886eb14,66584,240
seed101_06_replay_high_mean.ticks.csv,6b1cc2529a51ee0cc5769c30312021847ba82d40366d6fa6b74e198387640b56,56880,240
seed101_06_replay_high_oracle.ticks.csv,312e31d4b086fe75cc1d35299f65b14359c5aa4bff117bc3affb3322db7a319c,52453,240
seed101_07_freeze_low_fpr_crp.ticks.csv,6fe9d3db5caf9fc792aff556b31046caa9f85ad9b9b5721a803db3c539b8bdb3,66217,240
seed101_07_freeze_low_mean.ticks.csv,380f709876cf9e18eca50b5e3912b7e46655e9c88579bf80e3ad3cb40c4a6f0b,55789,240
seed101_07_freeze_low_oracle.ticks.csv,ee07bbbb660194ccfcd3fc94065a0ea17e13f5a727bc7781833e98287c5e6b77,52174,240
seed101_08_freeze_high_fpr_crp.ticks.csv,42ba86572e6ddc62a0225763818ea86f17e135c595263e8dbe03b3acb4f5d4f4,66686,240
seed101_08_freeze_high_mean.ticks.csv,f34f36f7a6a44412510d20f05b14ab940c64fa35dfb187ad767ff6ac685f22d5,56125,240
seed101_08_freeze_high_oracle.ticks.csv,376158909dd58560126f26b784d74d0a4524eddbfcaa21c0f2421c39ba494f62,52446,240
seed101_09_spike_low_fpr_crp.ticks.csv,e8716fd7bd49cad268abd814668c85bfbab9740b990fe3a7e979c0e2a51916c1,66386,240
seed101_09_spike_low_mean.ticks.csv,c110bddc280d88c302de8a0f4cb5e8549721d3cc99023ec437aaaa43b440bb10,56918,240
seed101_09_spike_low_oracle.ticks.csv,f16fdc37be3270977832edb0e04e4c8a036e2fa51a02027a0cee2d1a3b3f9ccb,52731,240
seed101_10_spike_high_fpr_crp.ticks.csv,d734d4444cbac2688e53c00fa868ab44e4ea71224219c34d78c9a094a1c1f559,66624,240
seed101_10_spike_high_mean.ticks.csv,dee8724e869d24f0695dfd27e50392f41ce7b3262d9c4fa3fa8deb477e700ab8,57523,240
seed101_10_spike_high_oracle.ticks.csv,551a5cc874dfce4a5ea56bbba96139ab7eed967a17c00aae63aeb392cb240324,53216,240
seed101_11_scaling_low_fpr_crp.ticks.csv,7775d09cd9d96f4901a73ec370ed94f357d49b2e5b560fbb6bb39d1a562ef65b,66907,240
seed101_11_scaling_low_mean.ticks.csv,bf9540e0ba01d59f055dcda90d7586702c91caa9e7fd36a9193d74a3eb249fc6,56972,240
seed101_11_scaling_low_oracle.ticks.csv,e59a6582c5077a4a450719524efc3ec76d6e828a5e948a35b7b0e756e1c69c1f,53147,240
seed101_12_scaling_high_fpr_crp.ticks.csv,c20c4e9d9e48dacdb3c578ba30386a811e16ec6675588f0e9437d58475001d0d,67286,240
seed101_12_scaling_high_mean.ticks.csv,7be9fdb74f180c7ffb8b66b5ad740438db2e188498ecc7095f6722ae0475bca5,57572,240
seed101_12_scaling_high_oracle.ticks.csv,aa9e0630e604b7c891b5e5b6db09cea7fee92e6378de0b08c0c5af53ffcfc6c8,53775,240
seed101_13_stuck_low_fpr_crp.ticks.csv,1dca4d3220196f2fdbacc4e67fe48cae0c264bf484c5933bcc2889b91fa92c33,66082,240
seed101_13_stuck_low_mean.ticks.csv,e62cc2942145a9eb8da4f684e38b7a1625e93ffc140ed00f3d5fd676e58a27e4,56821,240
seed101_13_stuck_low_oracle.ticks.csv,0952fcf79b0d8639afedf004ae22896df3b859ba1081f95d1392865fdaf6129b,53029,240
seed101_14_stuck_high_fpr_crp.ticks.csv,890dc1528a811b37c134e3c578ee292005ef7b4c13c54208a306263586ef24bc,66743,240
seed101_14_stuck_high_mean.ticks.csv,10145cc2b5714d500f0aef350ca04f403aad48e6bd044fcb148a881d4edd8f44,57566,240
seed101_14_stuck_high_oracle.ticks.csv,a3475abf88614e47edc7b89adf40c7efbdeec435829c7c01e543cad96150c37a,52970,240
seed11_00_nominal_none_fpr_crp.ticks.csv,66e20d68bfa326c1ff1da19e80d330bcf66a658728cbebe2cb6859031cca5c00,66617,240
seed11_00_nominal_none_mean.ticks.csv,977b4f3714d60d213edafd66cbcae916d07aeb05fc2c3eb732350d8f49f5217d,56234,240
seed11_00_nominal_none_oracle.ticks.csv,c4daef2b5dbb7a57ee9ea78029ef362ca982f2e2a4eb57e7a59db1192033881c,52468,240
seed11_01_bias_low_fpr_crp.ticks.csv,c3da67b560c154ee60f0f2c601921faf2571b892a62a6e0b901f14e48b4fc745,65799,240
seed11_01_bias_low_mean.ticks.csv,03bb1adfc9a42ce11b845dcaee950826bf32c0629194b36e55f39b7857ab6e47,55778,240
seed11_01_bias_low_oracle.ticks.csv,4e75a05193e86dcba8789a7b2dbe72c6d065117f21c7b611085927f18f6b5bb3,52086,240
seed11_02_bias_high_fpr_crp.ticks.csv,8c79ccf4f4d12c4e32af8e474cb69a82c80c525637ef58c3464bce4b752dbe7d,65835,240
seed11_02_bias_high_mean.ticks.csv,e2fbe0392587d6dcef6ae17591a9eb3a35ae51187eecbbfe0e5dc34453a4d3a5,56290,240
seed11_02_bias_high_oracle.ticks.csv,e8cbf104752fe7dcb152d7a22e59600ceffb2d3407d530305b0158f7896e26c0,52698,240
seed11_03_drift_low_fpr_crp.ticks.csv,84ea56413a010e8772d58a9ea2ce8e46a3206146c5ceec5e539c818c163ad7f1,65927,240
seed11_03_drift_low_mean.ticks.csv,a693887d92e2b89532895bb9e5f00ba3d9c6737c57f2026e5fa49b3ac0475592,55601,240
seed11_03_drift_low_oracle.ticks.csv,cf39be13d26e802a3935dceffaa310073cee7709b5cf707ca956fbd40b78597b,52192,240
seed11_04_drift_high_fpr_crp.ticks.csv,73cabd6a0bac4f34fed017c761c6472e767fa1b009124c6caeab6a252126ed48,65928,240
seed11_04_drift_high_mean.ticks.csv,0e0a8ec4ca68f73b4a72d9ea39bf90bc04da2142031311f82890e99f28add267,56413,240
seed11_04_drift_high_oracle.ticks.csv,56b541b2f4f56f9dcea9f5d3ec515e0ec18e5968dd4508ebf06f0069a0135d80,52173,240
seed11_05_replay_low_fpr_crp.ticks.csv,8a39b2eb4f15f3133a1fe6955e5b38bef28c15fb5b4c0a101d0677eaa6dcde30,65763,240
seed11_05_replay_low_mean.ticks.csv,4a02b56d2fb01a552fc58b83f5331ef970d9c195977bb1a0b19914ebf7f74b53,55436,240
seed11_05_replay_low_oracle.ticks.csv,efec425e421204a0638be2f58168b1c2b0da87df32448d7a28b4df3f2b889df0,52022,240
seed11_06_replay_high_fpr_crp.ticks.csv,74cb62230ce58ba12c93e4a3416e3c7a085bd53b1142b3ffd736778ea53e5310,65896,240
seed11_06_replay_high_mean.ticks.csv,077404acb154848e9d972a78db351f54e45106de5afccfdfbd0639cffee138b3,55967,240
seed11_06_replay_high_oracle.ticks.csv,21db045749550087615dc89a1ea9ea0de7eaa553f999416ea2b3e651800564e7,52115,240
seed11_07_freeze_low_fpr_crp.ticks.csv,46b35fae23858dfb1fafa4e27fbeba403b1797b6f14a2ef6132e281c43452104,66221,240
seed11_07_freeze_low_mean.ticks.csv,9494e76f93175c9a4aca4e0a63ca10fc824106c54156a6c60e6941095134374e,55663,240
seed11_07_freeze_low_oracle.ticks.csv,f9200502a941260faccd16050fe20c0a5f17acff48cfd5f5217ce6c883967004,51603,240
seed11_08_freeze_high_fpr_crp.ticks.csv,9510c4adadc6eeff89cafa0750c61fd468666e502b5517c91892e50db6070f98,66471,240
seed11_08_freeze_high_mean.ticks.csv,6badba0a7902c38a56d6be0e30f1a1b03c488f3cbe6a1b172ccab48783f16c33,56177,240
seed11_08_freeze_high_oracle.ticks.csv,cdb2eaa400fc013275109697f70dd193bd18f53479b0c0b2b330248d896094ff,52451,240
seed11_09_spike_low_fpr_crp.ticks.csv,fe9628e45c783c73e52005f3dd290b0eafba615ce1dc8cb8a75369317db04965,65378,240
seed11_09_spike_low_mean.ticks.csv,5449b6a912d262f2f779ba45857655a1129066ce08ca4e410fe561742d543d69,56572,240
seed11_09_spike_low_oracle.ticks.csv,06d65fc350c1b491b758470327f9fe39d5d5a74d99cc7a42664c776567300fa1,52593,240
seed11_10_spike_high_fpr_crp.ticks.csv,4ebe987ef0a2f525862377f20c0776da6a25174f9173333c09f322f720cd7349,66719,240
seed11_10_spike_high_mean.ticks.csv,a21a5d9244249ae8fe7067f35640f37cc92821bd4d0ff3d4968df5eddd3afcc7,57354,240
seed11_10_spike_high_oracle.ticks.csv,823d79c5bd8cdc6c1f3242cd2ce910c40bc45e3ea6b9021edf0c0e7ee89df16a,53219,240
seed11_11_scaling_low_fpr_crp.ticks.csv,a207fb3ad9b724255a35339a3a96f05848e234a001d514339827889282890e2d,66374,240
seed11_11_scaling_low_mean.ticks.csv,d0f50386da3c643fd5b97318a08a265ff049104ad957703ecd24d4d2798f941e,56497,240
seed11_11_scaling_low_oracle.ticks.csv,bc8b0f68fa054283a17ffa265359b6f828e2d000b3623f6eadc9c425c55bd058,52832,240
seed11_12_scaling_high_fpr_crp.ticks.csv,926c500b28454e59c9df4c6da14a11edb41d76ca8022426fd54b639d0277dc5a,67043,240
seed11_12_scaling_high_mean.ticks.csv,88fd0f8714196e1815e4eefa78e248219a4d6b161c6d861a554784bfd7146c9a,57428,240
seed11_12_scaling_high_oracle.ticks.csv,ec181563575843a9820a516ef53f52f7de27161f1e5616091b6065726c400acb,53783,240
seed11_13_stuck_low_fpr_crp.ticks.csv,7d503cab2881b2428b25d4087e6f83cbc36ff40c251e7ed1221126261d92c0fe,65612,240
seed11_13_stuck_low_mean.ticks.csv,2c7d23454aaf617ad6e403cbfd1a4748bbf9c9d505cfc6a68e6756fad2d251cd,56790,240
seed11_13_stuck_low_oracle.ticks.csv,75325c3823f432db9ca7c33605e32bd3cc18b89d99b0271a27d679f5a4acf8d2,52432,240
seed11_14_stuck_high_fpr_crp.ticks.csv,11562410fa441bd86fef5fe0cf7f5aebed6d2fe0c669d8fb75c3e741bd28758c,67905,240
seed11_14_stuck_high_mean.ticks.csv,83df3cb216f78878bf547290eed6080892eec1882a4928c65f5264798ed691eb,57217,240
seed11_14_stuck_high_oracle.ticks.csv,94a4075ec3002ee334d93514312d48c67af9278d4ce91d95f6651da64634a9bb,53435,240
seed42_00_nominal_none_fpr_crp.ticks.csv,59ae76dff699e9fff40686101afba63dcb168e0c740e97750cbc72d3ef866ef9,66434,240
seed42_00_nominal_none_mean.ticks.csv,3e274b4d4c0f69ef1766b5cc451c8a0e8b6aeb0dd7f81c2428ef1bc8d0f4a2e6,56355,240
seed42_00_nominal_none_oracle.ticks.csv,2b07386ac14149e86becd59cc6e033fa2fcb71c02c72353499ae2a1a93d50610,52338,240
seed42_01_bias_low_fpr_crp.ticks.csv,cc408c132ab6579dab703337af75a98deb80462e56a5fe51f0ef591c3780a77f,65667,240
seed42_01_bias_low_mean.ticks.csv,a0b52415a1315893a116b39165e4191a874cb7b2483bf9467eaa4b674545873a,55775,240
seed42_01_bias_low_oracle.ticks.csv,ce94809ddb634201fc46bb85ca55f2c32a4f7b889c4a995cbae13240416ec058,51992,240
seed42_02_bias_high_fpr_crp.ticks.csv,7c3da2c8f86c2c38c6ea594ac54d937ec13d308deed3c7118e56524bcb2c36a5,65945,240
seed42_02_bias_high_mean.ticks.csv,71172176abd9e9f8ee39a85d41f5715167af84954de1b844746925249e534974,56659,240
seed42_02_bias_high_oracle.ticks.csv,360561b631cd119c1c0df0d7b2f511209f5521ce5679a56d9b64147547345fc0,52681,240
seed42_03_drift_low_fpr_crp.ticks.csv,4c6fa4f6bbda2b861db449c4ea34fce31fcecf5192ea965b93e48e9da8f2e751,66336,240
seed42_03_drift_low_mean.ticks.csv,d62e7217bb37d1344eac672898f94a2d09a2fffe69fe08cc38ee84ce09e98ccd,55609,240
seed42_03_drift_low_oracle.ticks.csv,3afc4241db53af6ae251b3735118682423e4849d5ce3b92e8c42547589453d28,51998,240
seed42_04_drift_high_fpr_crp.ticks.csv,d26b42f91fe9fdfac00ce3d919a5d353cf9028e3798550b76d917914b2f13f02,66366,240
seed42_04_drift_high_mean.ticks.csv,914fc023863426a21472f93fb978e43463ef7d71531393835ffe942d86a5b37c,56551,240
seed42_04_drift_high_oracle.ticks.csv,c208674eb84f4fb0151fdb3c5ec9f0880276e0cfa7734fe937bd95acb0e1a323,52549,240
seed42_05_replay_low_fpr_crp.ticks.csv,94f634cc57a1dbc7349cb2d7e1c2e2409dea1ffc9e27a6b80faa98f07911bfd7,66061,240
seed42_05_replay_low_mean.ticks.csv,eb7309f4718d160ddd1ff6617e075208bd02baa4c604178985ec0aef42195e79,55211,240
seed42_05_replay_low_oracle.ticks.csv,451b5eff06fcb969c3270e78997e96c8d87ec4b5eac6814d7003fab1b48bc576,51899,240
seed42_06_replay_high_fpr_crp.ticks.csv,6be78abc5dfbed11ef97902e8a875d7447f521149a7034c670ce59ad822c796f,66230,240
seed42_06_replay_high_mean.ticks.csv,0e7355b176a2d83fd01c566d6037ed4297992d99e14ef0e75e4e341027042b0e,55666,240
seed42_06_replay_high_oracle.ticks.csv,0d437be81649a0e85379f8a301b1b80d4593459e93b5a3ba76cee7e37a50ff71,52527,240
seed42_07_freeze_low_fpr_crp.ticks.csv,523a2b3b0c86a456073b6c9f47f9c9094cd2d0180ef18fc0da5328424e16297a,65581,240
seed42_07_freeze_low_mean.ticks.csv,17216970a00947f8a5b414ba1fc607c897f14d238952952ebb117ae6d6a5d251,55693,240
seed42_07_freeze_low_oracle.ticks.csv,105a75749c816b371b609d1712ced5e5491683ca1460426247b6123d057cd5bd,52045,240
seed42_08_freeze_high_fpr_crp.ticks.csv,6116a8f8670fcc137e78759822856eb23b04dd44f2315c3c47349e3fc54bd351,66560,240
seed42_08_freeze_high_mean.ticks.csv,fcf7a104810bbd22ea74b04c60dd137f91717ae912c90135acd45ee805aae7c6,55692,240
seed42_08_freeze_high_oracle.ticks.csv,46828e1942e2d38ce1f806b88a2fbf7e154a9639c40362994f91eef70a198a12,52431,240
seed42_09_spike_low_fpr_crp.ticks.csv,2ef5245bedb5f072856cf6463114d4c53811077f2ff68fe480b3a7663d3522d2,66013,240
seed42_09_spike_low_mean.ticks.csv,c6a9f0e7715370c6dad4e87a95c1ea99416b41df2cb7ea8cbfea138c6ea77615,56259,240
seed42_09_spike_low_oracle.ticks.csv,f7e0fc2277a4a5174ee60bb9a4edf33ad4da6cd0e91d563f82f281a8cf3869eb,52584,240
seed42_10_spike_high_fpr_crp.ticks.csv,5d7fedbb794797535f40df5973be0cd5db828c8cab6d363c9532088dcce92128,66773,240
seed42_10_spike_high_mean.ticks.csv,9bb2e3d475dfb262c7ff27d12d3b0dc235922c6febdbedbd2686643b824adc18,57255,240
seed42_10_spike_high_oracle.ticks.csv,af596acd51b1c5a60249ab36c27425274fe16adf87c82ec95fe63a0044300a61,53171,240
seed42_11_scaling_low_fpr_crp.ticks.csv,eef033c0e0b225fcd949b1b7d2cd4e96861e022cf0009827c304275bb367d17e,66726,240
seed42_11_scaling_low_mean.ticks.csv,ab15e2a4d81a81dab16b43bda27fb92e1af4407bb8476cdce14a588add480f7a,56599,240
seed42_11_scaling_low_oracle.ticks.csv,9d1944f241ec24e06e69eced19344a7c92d446279c56ab182a94e95ad1436841,52735,240
seed42_12_scaling_high_fpr_crp.ticks.csv,7d8fa89600cf33c64bc15b7cf1a339610e8ec73bae02202c4338b8efc7a1e254,66890,240
seed42_12_scaling_high_mean.ticks.csv,fe002e7aef57b57d2ba50d6085be10f509b9382759e9ba199dac2b719d7da525,57649,240
seed42_12_scaling_high_oracle.ticks.csv,1c9511ffcd11deafdc37ced6eb653b1cb1a1aed3d498e3ee26be8de98444ff32,53641,240
seed42_13_stuck_low_fpr_crp.ticks.csv,cb3708aa6bc1d72ebcb16615c28cd754c87717c9a1009d8f035eddea3fba2b7f,65807,240
seed42_13_stuck_low_mean.ticks.csv,fc6eec05cbb8ad415105fc2ff61ca92eefe9f3d2572bec60d4c5b0a3dc8aebc6,56405,240
seed42_13_stuck_low_oracle.ticks.csv,90a0511242659e9ab801089813f517c78e579225af0673893507be5fe35aeef2,52498,240
seed42_14_stuck_high_fpr_crp.ticks.csv,db9b19342a3700fb251b717da1105f8fa7a2c467293a6abc7b23f2928c7f25ee,67272,240
seed42_14_stuck_high_mean.ticks.csv,e0d9c3839dc672b9df4e7c0d678beedca108a07fbf3e54717719248194aa605f,57097,240
seed42_14_stuck_high_oracle.ticks.csv,eb7a5e5c21c6f23c39a61388f26fef6c3a68660a64be4445f4d358898c30b970,52902,240
