seed,scenario_index,attack,intensity,condition,min_true_c,max_true_c,min_margin_to_sla_c,target_return_min,effective_attack_end_exclusive
101,0,nominal,none,fpr_crp,28.854351582801776,30.694007025611405,1.3059929743885945,0.0,
101,0,nominal,none,mean,28.82070809416033,30.540407025611405,1.4595929743885954,0.0,
101,0,nominal,none,oracle,29.18249405364314,30.540407025611405,1.4595929743885954,0.0,
101,1,bias,low,fpr_crp,28.764872814637787,30.530196052194896,1.4698039478051044,13.0,144.0
101,1,bias,low,mean,28.211518540480384,30.52778515475657,1.4722148452434283,7.0,144.0
101,1,bias,low,oracle,28.78040756955232,30.49764709466859,1.50235290533141,0.0,144.0
101,2,bias,high,fpr_crp,28.384134141029417,30.677505113322,1.322494886678001,0.0,144.0
101,2,bias,high,mean,27.86502602281202,30.56392569895483,1.4360743010451706,7.0,144.0
101,2,bias,high,oracle,29.16512414970852,30.577135089796343,1.422864910203657,0.0,144.0
101,3,drift,low,fpr_crp,28.74929129927007,30.67822037985486,1.32177962014514,0.0,144.0
101,3,drift,low,mean,28.049553127378253,30.52462037985486,1.4753796201451408,0.0,144.0
101,3,drift,low,oracle,28.761949088997905,30.481355450702026,1.5186445492979743,0.0,144.0
101,4,drift,high,fpr_crp,28.896749157768223,30.51025216766158,1.48974783233842,0.0,144.0
101,4,drift,high,mean,28.04274472646861,30.493499012137438,1.5065009878625624,12.0,144.0
101,4,drift,high,oracle,29.30891643625116,30.463603276665904,1.5363967233340965,0.0,144.0
101,5,replay,low,fpr_crp,28.78129049413429,30.57713173922754,1.4228682607724608,20.0,144.0
101,5,replay,low,mean,28.988402460488395,30.53187001450727,1.4681299854927303,2.0,144.0
101,5,replay,low,oracle,28.863189349287925,30.50647949152533,1.4935205084746705,0.0,144.0
101,6,replay,high,fpr_crp,28.755542174935965,30.512243219668942,1.4877567803310576,0.0,144.0
101,6,replay,high,mean,28.80154089659974,30.693563887094506,1.3064361129054944,21.0,144.0
101,6,replay,high,oracle,28.772521089418596,30.39263674286894,1.607363257131059,10.0,144.0
101,7,freeze,low,fpr_crp,29.10264572152081,30.41689796792832,1.5831020320716789,12.0,104.0
101,7,freeze,low,mean,28.291228276858707,30.468565947914698,1.5314340520853023,0.0,104.0
101,7,freeze,low,oracle,28.76114187984137,30.45907030991563,1.5409296900843685,0.0,104.0
101,8,freeze,high,fpr_crp,29.06112769549496,30.796518204123625,1.2034817958763746,8.0,144.0
101,8,freeze,high,mean,28.7911924478404,30.52734900851059,1.4726509914894095,17.0,144.0
101,8,freeze,high,oracle,28.871116231163445,30.703783416285656,1.2962165837143438,0.0,144.0
101,9,spike,low,fpr_crp,29.07236368194118,30.548061608981648,1.451938391018352,12.0,144.0
101,9,spike,low,mean,27.899113834771168,30.548061608981648,1.451938391018352,0.0,144.0
101,9,spike,low,oracle,28.788232956166848,30.548061608981648,1.451938391018352,0.0,144.0
101,10,spike,high,fpr_crp,28.27554522483242,30.4964082676207,1.5035917323792987,0.0,144.0
101,10,spike,high,mean,26.813525730522123,30.472903910027863,1.5270960899721366,9.0,144.0
101,10,spike,high,oracle,28.813440988224635,30.4964082676207,1.5035917323792987,0.0,144.0
101,11,scaling,low,fpr_crp,28.73391212377905,30.43195640229723,1.5680435977027685,13.0,144.0
101,11,scaling,low,mean,28.103223044643105,30.500379940635053,1.499620059364947,0.0,144.0
101,11,scaling,low,oracle,28.805685925444774,30.500379940635053,1.499620059364947,0.0,144.0
101,12,scaling,high,fpr_crp,28.715702265587765,30.561153440303368,1.438846559696632,0.0,144.0
101,12,scaling,high,mean,27.947248083838502,30.561153440303368,1.438846559696632,8.0,144.0
101,12,scaling,high,oracle,28.8622070280954,30.561153440303368,1.438846559696632,0.0,144.0
101,13,stuck,low,fpr_crp,29.112296902625317,30.467867616565528,1.5321323834344724,8.0,144.0
101,13,stuck,low,mean,28.1989225010951,31.475519369927223,0.5244806300727767,28.0,144.0
101,13,stuck,low,oracle,29.13430181790285,30.534639954459763,1.465360045540237,0.0,144.0
101,14,stuck,high,fpr_crp,28.595688244737826,30.411937404074504,1.5880625959254964,0.0,144.0
101,14,stuck,high,mean,26.820219208162637,30.729789226611476,1.2702107733885235,10.0,144.0
101,14,stuck,high,oracle,28.95375682013332,30.483003555455596,1.5169964445444037,0.0,144.0
11,0,nominal,none,fpr_crp,28.65111716780253,30.56011970603484,1.4398802939651603,0.0,
11,0,nominal,none,mean,28.68052661126135,30.36888198935087,1.6311180106491285,0.0,
11,0,nominal,none,oracle,28.71269637737325,30.56011970603484,1.4398802939651603,0.0,
11,1,bias,low,fpr_crp,27.707970656829357,30.56115080106276,1.4388491989372412,1.0,144.0
11,1,bias,low,mean,28.49989955535593,30.524909165567298,1.4750908344327023,0.0,144.0
11,1,bias,low,oracle,28.749396183235596,30.524909165567298,1.4750908344327023,0.0,144.0
11,2,bias,high,fpr_crp,28.32704181715578,30.42784118915718,1.5721588108428186,0.0,144.0
11,2,bias,high,mean,27.90655849642368,30.42784118915718,1.5721588108428186,7.0,144.0
11,2,bias,high,oracle,28.39066554486436,30.58144118915718,1.4185588108428213,0.0,144.0
11,3,drift,low,fpr_crp,28.758540882733374,30.80713038826409,1.1928696117359117,0.0,144.0
11,3,drift,low,mean,28.505299515385538,30.630472251822454,1.3695277481775463,6.0,144.0
11,3,drift,low,oracle,28.739137194312672,30.51263915813772,1.4873608418622801,9.0,144.0
11,4,drift,high,fpr_crp,28.91420521512344,30.62645932124215,1.3735406787578484,12.0,144.0
11,4,drift,high,mean,28.105867988946404,30.5158732758422,1.4841267241578002,37.0,144.0
11,4,drift,high,oracle,29.27331195497775,30.50393927813158,1.496060721868421,0.0,144.0
11,5,replay,low,fpr_crp,29.018904251960603,30.67872345101738,1.3212765489826204,11.0,144.0
11,5,replay,low,mean,28.742151855476298,30.62131924019109,1.3786807598089084,0.0,144.0
11,5,replay,low,oracle,28.87951851982513,30.51378197605564,1.4862180239443603,8.0,144.0
11,6,replay,high,fpr_crp,29.18430030195397,30.5480421153536,1.4519578846464007,18.0,144.0
11,6,replay,high,mean,28.454945758795034,30.5480421153536,1.4519578846464007,17.0,144.0
11,6,replay,high,oracle,28.84903121665229,30.5480421153536,1.4519578846464007,0.0,144.0
11,7,freeze,low,fpr_crp,28.19774803605344,30.78411925120955,1.2158807487904504,5.0,104.0
11,7,freeze,low,mean,28.756568395866964,30.66411453369307,1.3358854663069302,0.0,104.0
11,7,freeze,low,oracle,29.19681188201342,30.809667019175752,1.1903329808242482,0.0,104.0
11,8,freeze,high,fpr_crp,28.914231397524507,30.47907722215142,1.520922777848579,0.0,144.0
11,8,freeze,high,mean,28.660705771490026,30.539992249595887,1.4600077504041131,17.0,144.0
11,8,freeze,high,oracle,29.10403716950288,30.558832341824537,1.4411676581754627,0.0,144.0
11,9,spike,low,fpr_crp,28.903254382525716,30.71919622148791,1.280803778512091,0.0,144.0
11,9,spike,low,mean,27.8794555575984,30.71919622148791,1.280803778512091,0.0,144.0
11,9,spike,low,oracle,28.81885988899764,30.62263873878451,1.3773612612154906,0.0,144.0
11,10,spike,high,fpr_crp,28.31267159295813,30.62841569384294,1.371584306157061,22.0,144.0
11,10,spike,high,mean,27.367811635672563,30.564183428096555,1.4358165719034446,23.0,144.0
11,10,spike,high,oracle,28.87320999017293,30.51303324033275,1.4869667596672507,9.0,144.0
11,11,scaling,low,fpr_crp,28.822093990197523,30.56324322778631,1.4367567722136911,0.0,144.0
11,11,scaling,low,mean,27.94686825471316,30.56324322778631,1.4367567722136911,0.0,144.0
11,11,scaling,low,oracle,28.86168785324405,30.738915512976536,1.2610844870234637,0.0,144.0
11,12,scaling,high,fpr_crp,28.700344859617196,30.47505326558449,1.5249467344155114,0.0,144.0
11,12,scaling,high,mean,27.740546645832257,30.47505326558449,1.5249467344155114,3.0,144.0
11,12,scaling,high,oracle,28.888169699220136,30.64910948972428,1.3508905102757183,0.0,144.0
11,13,stuck,low,fpr_crp,29.14469288293444,30.547699103292405,1.4523008967075945,0.0,144.0
11,13,stuck,low,mean,28.35080097234331,31.532250548467506,0.4677494515324945,25.0,144.0
11,13,stuck,low,oracle,29.309812643980685,30.464267706479077,1.5357322935209226,0.0,144.0
11,14,stuck,high,fpr_crp,27.20859550988978,30.658894056968112,1.341105943031888,33.0,144.0
11,14,stuck,high,mean,26.71494930611272,30.650634251794685,1.3493657482053152,10.0,144.0
11,14,stuck,high,oracle,28.95312309327697,30.50218384569217,1.4978161543078308,0.0,144.0
42,0,nominal,none,fpr_crp,29.24193437280108,30.568874175735985,1.431125824264015,12.0,
42,0,nominal,none,mean,28.46824778472572,30.50359260427227,1.4964073957277293,0.0,
42,0,nominal,none,oracle,29.17827316303678,30.4317592407383,1.5682407592616983,0.0,
42,1,bias,low,fpr_crp,28.917678917684867,30.4874619863954,1.5125380136046012,0.0,144.0
42,1,bias,low,mean,28.4586303886273,30.43560004558649,1.5643999544135099,4.0,144.0
42,1,bias,low,oracle,28.78292549099852,30.519980073636404,1.480019926363596,0.0,144.0
42,2,bias,high,fpr_crp,28.469248871981044,30.54252141534525,1.4574785846547513,0.0,144.0
42,2,bias,high,mean,27.68184938820381,30.503017396501093,1.4969826034989069,4.0,144.0
42,2,bias,high,oracle,28.698541543118843,30.503017396501093,1.4969826034989069,0.0,144.0
42,3,drift,low,fpr_crp,28.83636293198067,30.558309471364325,1.4416905286356752,13.0,144.0
42,3,drift,low,mean,28.07343598120333,30.602875689650997,1.3971243103490032,0.0,144.0
42,3,drift,low,oracle,28.80146654002725,30.50655084542689,1.49344915457311,0.0,144.0
42,4,drift,high,fpr_crp,28.68735233858468,30.771307816446967,1.228692183553033,16.0,144.0
42,4,drift,high,mean,27.40310881053576,30.635287074219757,1.3647129257802426,3.0,144.0
42,4,drift,high,oracle,28.755804911278204,30.46230130439536,1.5376986956046395,0.0,144.0
42,5,replay,low,fpr_crp,28.981961493255007,30.537746215106857,1.462253784893143,10.0,144.0
42,5,replay,low,mean,28.83801002412164,30.74766909245264,1.2523309075473605,0.0,144.0
42,5,replay,low,oracle,28.815335125210687,30.74588070334168,1.2541192966583203,0.0,144.0
42,6,replay,high,fpr_crp,28.896296636525783,30.60490247869329,1.3950975213067096,3.0,144.0
42,6,replay,high,mean,28.59604079495549,30.515163239603083,1.4848367603969166,0.0,144.0
42,6,replay,high,oracle,28.791712108303543,30.515163239603083,1.4848367603969166,0.0,144.0
42,7,freeze,low,fpr_crp,29.22595830569702,30.42047426087053,1.579525739129469,9.0,104.0
42,7,freeze,low,mean,28.73212435654226,30.60677475208909,1.3932252479109088,0.0,104.0
42,7,freeze,low,oracle,28.277056224204387,30.59981500558818,1.4001849944118199,0.0,104.0
42,8,freeze,high,fpr_crp,28.788808932021944,30.596083227287888,1.4039167727121118,0.0,144.0
42,8,freeze,high,mean,28.674528112453576,30.476476750487887,1.5235232495121132,0.0,144.0
42,8,freeze,high,oracle,28.743585261811663,30.476476750487887,1.5235232495121132,0.0,144.0
42,9,spike,low,fpr_crp,28.91619395133248,30.476823010001784,1.5231769899982162,0.0,144.0
42,9,spike,low,mean,27.944673949243388,30.476823010001784,1.5231769899982162,0.0,144.0
42,9,spike,low,oracle,28.833322867335337,30.63700438052364,1.3629956194763615,0.0,144.0
42,10,spike,high,fpr_crp,28.298061751169637,30.51642646573828,1.4835735342617191,18.0,144.0
42,10,spike,high,mean,26.915917925018675,30.538832651911516,1.461167348088484,9.0,144.0
42,10,spike,high,oracle,28.892028944350933,30.538832651911516,1.461167348088484,10.0,144.0
42,11,scaling,low,fpr_crp,28.885047573023773,30.73982196871679,1.2601780312832105,0.0,144.0
42,11,scaling,low,mean,28.59582770720673,30.498985174949453,1.5010148250505466,0.0,144.0
42,11,scaling,low,oracle,29.18260129563363,30.44725478085449,1.5527452191455104,0.0,144.0
42,12,scaling,high,fpr_crp,28.69159363998877,30.53204579572772,1.4679542042722815,0.0,144.0
42,12,scaling,high,mean,27.831666121176383,30.58639358910564,1.41360641089436,3.0,144.0
42,12,scaling,high,oracle,29.119283147617416,30.58639358910564,1.41360641089436,0.0,144.0
42,13,stuck,low,fpr_crp,29.32089611036235,30.49644348543181,1.5035565145681886,0.0,144.0
42,13,stuck,low,mean,28.29290814111869,31.58517323146801,0.4148267685319915,28.0,144.0
42,13,stuck,low,oracle,28.878911501034175,30.49644348543181,1.5035565145681886,0.0,144.0
42,14,stuck,high,fpr_crp,27.90657795021374,30.53459744430232,1.465402555697679,9.0,144.0
42,14,stuck,high,mean,26.764699477786117,30.450950482145544,1.5490495178544563,10.0,144.0
42,14,stuck,high,oracle,29.268268348775543,30.450950482145544,1.5490495178544563,6.0,144.0
