file,variant,ticks,mae_c,precision,recall,true_positive_reporter_ticks,false_positive_reporter_ticks,false_negative_reporter_ticks,true_negative_reporter_ticks,false_alarm_transition_ticks,nonconverged_ticks,reporter_exclusions,total_rounds
seed101_00_nominal_none_fpr_crp.ticks.csv,temporal_only,240,0.07576927079617553,,,0,0,0,2160,0,0,0,240
seed101_00_nominal_none_fpr_crp.ticks.csv,social_only,240,0.07576927079617553,,,0,0,0,2160,0,0,0,240
seed101_00_nominal_none_fpr_crp.ticks.csv,published_blend,240,0.07576927079617553,,,0,0,0,2160,0,0,0,240
seed101_00_nominal_none_fpr_crp.ticks.csv,social_dynamic_innovation,240,0.07576927079617553,,,0,0,0,2160,0,0,0,240
seed101_01_bias_low_fpr_crp.ticks.csv,temporal_only,240,0.07859281577038311,,0.0,0,0,180,1980,0,0,0,240
seed101_01_bias_low_fpr_crp.ticks.csv,social_only,240,0.07859281577038311,,0.0,0,0,180,1980,0,0,0,240
seed101_01_bias_low_fpr_crp.ticks.csv,published_blend,240,0.07859281577038311,,0.0,0,0,180,1980,0,0,0,240
seed101_01_bias_low_fpr_crp.ticks.csv,social_dynamic_innovation,240,0.07859281577038311,,0.0,0,0,180,1980,0,0,0,240
seed101_02_bias_high_fpr_crp.ticks.csv,temporal_only,240,0.08810474510391833,,0.0,0,0,180,1980,0,58,6,242
seed101_02_bias_high_fpr_crp.ticks.csv,social_only,240,0.07844407512506883,1.0,0.9666666666666667,174,0,6,1980,0,0,179,300
seed101_02_bias_high_fpr_crp.ticks.csv,published_blend,240,0.08667792485277534,1.0,0.022222222222222223,4,0,176,1980,0,57,10,244
seed101_02_bias_high_fpr_crp.ticks.csv,social_dynamic_innovation,240,0.07836801420362062,1.0,0.9666666666666667,174,0,6,1980,0,0,180,300
seed101_03_drift_low_fpr_crp.ticks.csv,temporal_only,240,0.08585537331690232,,0.0,0,0,180,1980,0,0,0,240
seed101_03_drift_low_fpr_crp.ticks.csv,social_only,240,0.08585537331690232,,0.0,0,0,180,1980,0,0,0,240
seed101_03_drift_low_fpr_crp.ticks.csv,published_blend,240,0.08585537331690232,,0.0,0,0,180,1980,0,0,0,240
seed101_03_drift_low_fpr_crp.ticks.csv,social_dynamic_innovation,240,0.08585537331690232,,0.0,0,0,180,1980,0,0,0,240
seed101_04_drift_high_fpr_crp.ticks.csv,temporal_only,240,0.08884262391144608,,0.0,0,0,180,1980,0,25,0,240
seed101_04_drift_high_fpr_crp.ticks.csv,social_only,240,0.08553524547574927,1.0,0.26666666666666666,48,0,132,1980,0,5,53,260
seed101_04_drift_high_fpr_crp.ticks.csv,published_blend,240,0.08884262391144608,,0.0,0,0,180,1980,0,25,0,240
seed101_04_drift_high_fpr_crp.ticks.csv,social_dynamic_innovation,240,0.08598802877550446,1.0,0.3611111111111111,65,0,115,1980,0,0,65,265
seed101_05_replay_low_fpr_crp.ticks.csv,temporal_only,240,0.08462260011554955,,0.0,0,0,180,1980,0,0,0,240
seed101_05_replay_low_fpr_crp.ticks.csv,social_only,240,0.08462260011554955,,0.0,0,0,180,1980,0,0,0,240
seed101_05_replay_low_fpr_crp.ticks.csv,published_blend,240,0.08462260011554955,,0.0,0,0,180,1980,0,0,0,240
seed101_05_replay_low_fpr_crp.ticks.csv,social_dynamic_innovation,240,0.08462260011554955,,0.0,0,0,180,1980,0,0,0,240
seed101_06_replay_high_fpr_crp.ticks.csv,temporal_only,240,0.08078501917108717,,0.0,0,0,180,1980,0,0,0,240
seed101_06_replay_high_fpr_crp.ticks.csv,social_only,240,0.08078501917108717,,0.0,0,0,180,1980,0,0,0,240
seed101_06_replay_high_fpr_crp.ticks.csv,published_blend,240,0.08078501917108717,,0.0,0,0,180,1980,0,0,0,240
seed101_06_replay_high_fpr_crp.ticks.csv,social_dynamic_innovation,240,0.08078501917108717,,0.0,0,0,180,1980,0,0,0,240
seed101_07_freeze_low_fpr_crp.ticks.csv,temporal_only,240,0.07694849739949333,,0.0,0,0,60,2100,0,0,0,240
seed101_07_freeze_low_fpr_crp.ticks.csv,social_only,240,0.07694849739949333,,0.0,0,0,60,2100,0,0,0,240
seed101_07_freeze_low_fpr_crp.ticks.csv,published_blend,240,0.07694849739949333,,0.0,0,0,60,2100,0,0,0,240
seed101_07_freeze_low_fpr_crp.ticks.csv,social_dynamic_innovation,240,0.07694849739949333,,0.0,0,0,60,2100,0,0,0,240
seed101_08_freeze_high_fpr_crp.ticks.csv,temporal_only,240,0.08132420755357177,,0.0,0,0,180,1980,0,0,0,240
seed101_08_freeze_high_fpr_crp.ticks.csv,social_only,240,0.08132420755357177,,0.0,0,0,180,1980,0,0,0,240
seed101_08_freeze_high_fpr_crp.ticks.csv,published_blend,240,0.08132420755357177,,0.0,0,0,180,1980,0,0,0,240
seed101_08_freeze_high_fpr_crp.ticks.csv,social_dynamic_innovation,240,0.08132420755357177,,0.0,0,0,180,1980,0,0,0,240
seed101_09_spike_low_fpr_crp.ticks.csv,temporal_only,240,0.08410010291635982,1.0,0.9666666666666667,174,0,6,1980,0,0,180,300
seed101_09_spike_low_fpr_crp.ticks.csv,social_only,240,0.08396495237162305,1.0,0.9666666666666667,174,0,6,1980,0,0,176,300
seed101_09_spike_low_fpr_crp.ticks.csv,published_blend,240,0.08410010291635982,1.0,0.9666666666666667,174,0,6,1980,0,0,180,300
seed101_09_spike_low_fpr_crp.ticks.csv,social_dynamic_innovation,240,0.08410010291635982,1.0,0.9666666666666667,174,0,6,1980,0,0,180,300
seed101_10_spike_high_fpr_crp.ticks.csv,temporal_only,240,0.07701610659121104,1.0,0.9666666666666667,174,0,6,1980,0,0,180,300
seed101_10_spike_high_fpr_crp.ticks.csv,social_only,240,0.07701610659121104,1.0,0.9666666666666667,174,0,6,1980,0,0,180,300
seed101_10_spike_high_fpr_crp.ticks.csv,published_blend,240,0.07701610659121104,1.0,0.9666666666666667,174,0,6,1980,0,0,180,300
seed101_10_spike_high_fpr_crp.ticks.csv,social_dynamic_innovation,240,0.07701610659121104,1.0,0.9666666666666667,174,0,6,1980,0,0,180,300
seed101_11_scaling_low_fpr_crp.ticks.csv,temporal_only,240,0.06863084410381905,,0.0,0,0,180,1980,0,0,0,240
seed101_11_scaling_low_fpr_crp.ticks.csv,social_only,240,0.06863084410381905,,0.0,0,0,180,1980,0,0,0,240
seed101_11_scaling_low_fpr_crp.ticks.csv,published_blend,240,0.06863084410381905,,0.0,0,0,180,1980,0,0,0,240
seed101_11_scaling_low_fpr_crp.ticks.csv,social_dynamic_innovation,240,0.06863084410381905,,0.0,0,0,180,1980,0,0,0,240
seed101_12_scaling_high_fpr_crp.ticks.csv,temporal_only,240,0.09139229675552958,,0.0,0,0,180,1980,0,58,6,242
seed101_12_scaling_high_fpr_crp.ticks.csv,social_only,240,0.08295029493657845,1.0,0.9166666666666666,165,0,15,1980,0,1,172,299
seed101_12_scaling_high_fpr_crp.ticks.csv,published_blend,240,0.0906924176774269,1.0,0.03333333333333333,6,0,174,1980,0,56,11,244
seed101_12_scaling_high_fpr_crp.ticks.csv,social_dynamic_innovation,240,0.08257930882447233,1.0,0.9666666666666667,174,0,6,1980,0,0,180,300
seed101_13_stuck_low_fpr_crp.ticks.csv,temporal_only,240,0.07625826107869506,,0.0,0,0,180,1980,0,18,0,240
seed101_13_stuck_low_fpr_crp.ticks.csv,social_only,240,0.07625826107869506,,0.0,0,0,180,1980,0,18,0,240
seed101_13_stuck_low_fpr_crp.ticks.csv,published_blend,240,0.07625826107869506,,0.0,0,0,180,1980,0,18,0,240
seed101_13_stuck_low_fpr_crp.ticks.csv,social_dynamic_innovation,240,0.07461074986729964,1.0,0.13333333333333333,24,0,156,1980,0,6,36,252
seed101_14_stuck_high_fpr_crp.ticks.csv,temporal_only,240,0.11471451157592509,0.5,0.016666666666666666,3,3,177,1977,0,57,9,243
seed101_14_stuck_high_fpr_crp.ticks.csv,social_only,240,0.07970505650631862,1.0,0.9666666666666667,174,0,6,1980,0,0,180,300
seed101_14_stuck_high_fpr_crp.ticks.csv,published_blend,240,0.11362292053890549,1.0,0.03333333333333333,6,0,174,1980,0,56,12,244
seed101_14_stuck_high_fpr_crp.ticks.csv,social_dynamic_innovation,240,0.07970505650631862,1.0,0.9666666666666667,174,0,6,1980,0,0,180,300
seed11_00_nominal_none_fpr_crp.ticks.csv,temporal_only,240,0.06965495553729147,,,0,0,0,2160,0,0,0,240
seed11_00_nominal_none_fpr_crp.ticks.csv,social_only,240,0.06965495553729147,,,0,0,0,2160,0,0,0,240
seed11_00_nominal_none_fpr_crp.ticks.csv,published_blend,240,0.06965495553729147,,,0,0,0,2160,0,0,0,240
seed11_00_nominal_none_fpr_crp.ticks.csv,social_dynamic_innovation,240,0.06965495553729147,,,0,0,0,2160,0,0,0,240
seed11_01_bias_low_fpr_crp.ticks.csv,temporal_only,240,0.073242007677901,,0.0,0,0,180,1980,0,0,0,240
seed11_01_bias_low_fpr_crp.ticks.csv,social_only,240,0.073242007677901,,0.0,0,0,180,1980,0,0,0,240
seed11_01_bias_low_fpr_crp.ticks.csv,published_blend,240,0.073242007677901,,0.0,0,0,180,1980,0,0,0,240
seed11_01_bias_low_fpr_crp.ticks.csv,social_dynamic_innovation,240,0.073242007677901,,0.0,0,0,180,1980,0,0,0,240
seed11_02_bias_high_fpr_crp.ticks.csv,temporal_only,240,0.09010920944806444,,0.0,0,0,180,1980,0,58,6,242
seed11_02_bias_high_fpr_crp.ticks.csv,social_only,240,0.0825279924465898,1.0,0.9666666666666667,174,0,6,1980,0,0,177,300
seed11_02_bias_high_fpr_crp.ticks.csv,published_blend,240,0.08985241377104719,1.0,0.011111111111111112,2,0,178,1980,0,57,9,245
seed11_02_bias_high_fpr_crp.ticks.csv,social_dynamic_innovation,240,0.08246733213775001,1.0,0.9666666666666667,174,0,6,1980,0,0,180,300
seed11_03_drift_low_fpr_crp.ticks.csv,temporal_only,240,0.07706656054688263,,0.0,0,0,180,1980,0,0,0,240
seed11_03_drift_low_fpr_crp.ticks.csv,social_only,240,0.07706656054688263,,0.0,0,0,180,1980,0,0,0,240
seed11_03_drift_low_fpr_crp.ticks.csv,published_blend,240,0.07706656054688263,,0.0,0,0,180,1980,0,0,0,240
seed11_03_drift_low_fpr_crp.ticks.csv,social_dynamic_innovation,240,0.07706656054688263,,0.0,0,0,180,1980,0,0,0,240
seed11_04_drift_high_fpr_crp.ticks.csv,temporal_only,240,0.07851775741610198,0.0,0.0,0,1,180,1979,0,22,0,240
seed11_04_drift_high_fpr_crp.ticks.csv,social_only,240,0.07382084520480367,1.0,0.3055555555555556,55,0,125,1980,0,1,55,262
seed11_04_drift_high_fpr_crp.ticks.csv,published_blend,240,0.07851775741610198,,0.0,0,0,180,1980,0,22,0,240
seed11_04_drift_high_fpr_crp.ticks.csv,social_dynamic_innovation,240,0.07445604069596781,1.0,0.3333333333333333,60,0,120,1980,0,0,64,262
seed11_05_replay_low_fpr_crp.ticks.csv,temporal_only,240,0.08407223208959129,,0.0,0,0,180,1980,0,0,0,240
seed11_05_replay_low_fpr_crp.ticks.csv,social_only,240,0.08407223208959129,,0.0,0,0,180,1980,0,0,0,240
seed11_05_replay_low_fpr_crp.ticks.csv,published_blend,240,0.08407223208959129,,0.0,0,0,180,1980,0,0,0,240
seed11_05_replay_low_fpr_crp.ticks.csv,social_dynamic_innovation,240,0.08407223208959129,,0.0,0,0,180,1980,0,0,0,240
seed11_06_replay_high_fpr_crp.ticks.csv,temporal_only,240,0.07969453112610468,,0.0,0,0,180,1980,0,0,0,240
seed11_06_replay_high_fpr_crp.ticks.csv,social_only,240,0.07969453112610468,,0.0,0,0,180,1980,0,0,0,240
seed11_06_replay_high_fpr_crp.ticks.csv,published_blend,240,0.07969453112610468,,0.0,0,0,180,1980,0,0,0,240
seed11_06_replay_high_fpr_crp.ticks.csv,social_dynamic_innovation,240,0.07969453112610468,,0.0,0,0,180,1980,0,0,0,240
seed11_07_freeze_low_fpr_crp.ticks.csv,temporal_only,240,0.07637638077914774,,0.0,0,0,60,2100,0,0,0,240
seed11_07_freeze_low_fpr_crp.ticks.csv,social_only,240,0.07637638077914774,,0.0,0,0,60,2100,0,0,0,240
seed11_07_freeze_low_fpr_crp.ticks.csv,published_blend,240,0.07637638077914774,,0.0,0,0,60,2100,0,0,0,240
seed11_07_freeze_low_fpr_crp.ticks.csv,social_dynamic_innovation,240,0.07637638077914774,,0.0,0,0,60,2100,0,0,0,240
seed11_08_freeze_high_fpr_crp.ticks.csv,temporal_only,240,0.08479714994541153,,0.0,0,0,180,1980,0,0,0,240
seed11_08_freeze_high_fpr_crp.ticks.csv,social_only,240,0.08479714994541153,,0.0,0,0,180,1980,0,0,0,240
seed11_08_freeze_high_fpr_crp.ticks.csv,published_blend,240,0.08479714994541153,,0.0,0,0,180,1980,0,0,0,240
seed11_08_freeze_high_fpr_crp.ticks.csv,social_dynamic_innovation,240,0.08479714994541153,,0.0,0,0,180,1980,0,0,0,240
seed11_09_spike_low_fpr_crp.ticks.csv,temporal_only,240,0.08319788750970375,1.0,0.9666666666666667,174,0,6,1980,0,0,180,300
seed11_09_spike_low_fpr_crp.ticks.csv,social_only,240,0.08278411996888639,1.0,0.9666666666666667,174,0,6,1980,0,0,175,301
seed11_09_spike_low_fpr_crp.ticks.csv,published_blend,240,0.08319788750970375,1.0,0.9666666666666667,174,0,6,1980,0,0,180,300
seed11_09_spike_low_fpr_crp.ticks.csv,social_dynamic_innovation,240,0.08319788750970375,1.0,0.9666666666666667,174,0,6,1980,0,0,180,300
seed11_10_spike_high_fpr_crp.ticks.csv,temporal_only,240,0.08644835949866206,0.9942857142857143,0.9666666666666667,174,1,6,1979,0,0,180,300
seed11_10_spike_high_fpr_crp.ticks.csv,social_only,240,0.08644835949866206,1.0,0.9666666666666667,174,0,6,1980,0,0,180,300
seed11_10_spike_high_fpr_crp.ticks.csv,published_blend,240,0.08644835949866206,1.0,0.9666666666666667,174,0,6,1980,0,0,180,300
seed11_10_spike_high_fpr_crp.ticks.csv,social_dynamic_innovation,240,0.08644835949866206,1.0,0.9666666666666667,174,0,6,1980,0,0,180,300
seed11_11_scaling_low_fpr_crp.ticks.csv,temporal_only,240,0.07216297360507663,,0.0,0,0,180,1980,0,0,0,240
seed11_11_scaling_low_fpr_crp.ticks.csv,social_only,240,0.07216297360507663,,0.0,0,0,180,1980,0,0,0,240
seed11_11_scaling_low_fpr_crp.ticks.csv,published_blend,240,0.07216297360507663,,0.0,0,0,180,1980,0,0,0,240
seed11_11_scaling_low_fpr_crp.ticks.csv,social_dynamic_innovation,240,0.07216297360507663,,0.0,0,0,180,1980,0,0,0,240
seed11_12_scaling_high_fpr_crp.ticks.csv,temporal_only,240,0.09577410257715058,,0.0,0,0,180,1980,0,58,6,242
seed11_12_scaling_high_fpr_crp.ticks.csv,social_only,240,0.0797051532595343,1.0,0.9666666666666667,174,0,6,1980,0,0,173,300
seed11_12_scaling_high_fpr_crp.ticks.csv,published_blend,240,0.09577410257715058,,0.0,0,0,180,1980,0,58,6,242
seed11_12_scaling_high_fpr_crp.ticks.csv,social_dynamic_innovation,240,0.07993839770591252,1.0,0.9666666666666667,174,0,6,1980,0,0,180,300
seed11_13_stuck_low_fpr_crp.ticks.csv,temporal_only,240,0.07701041709557882,,0.0,0,0,180,1980,0,14,0,240
seed11_13_stuck_low_fpr_crp.ticks.csv,social_only,240,0.07701041709557882,,0.0,0,0,180,1980,0,14,0,240
seed11_13_stuck_low_fpr_crp.ticks.csv,published_blend,240,0.07701041709557882,,0.0,0,0,180,1980,0,14,0,240
seed11_13_stuck_low_fpr_crp.ticks.csv,social_dynamic_innovation,240,0.07587574175350696,1.0,0.05,9,0,171,1980,0,7,21,247
seed11_14_stuck_high_fpr_crp.ticks.csv,temporal_only,240,0.12714486901367042,0.42857142857142855,0.016666666666666666,3,4,177,1976,0,57,9,243
seed11_14_stuck_high_fpr_crp.ticks.csv,social_only,240,0.08101292734903283,1.0,0.9666666666666667,174,0,6,1980,0,0,180,300
seed11_14_stuck_high_fpr_crp.ticks.csv,published_blend,240,0.12682665038729282,1.0,0.03333333333333333,6,0,174,1980,0,56,12,244
seed11_14_stuck_high_fpr_crp.ticks.csv,social_dynamic_innovation,240,0.08101292734903283,1.0,0.9666666666666667,174,0,6,1980,0,0,180,300
seed42_00_nominal_none_fpr_crp.ticks.csv,temporal_only,240,0.07149546435929627,,,0,0,0,2160,0,0,0,240
seed42_00_nominal_none_fpr_crp.ticks.csv,social_only,240,0.07149546435929627,,,0,0,0,2160,0,0,0,240
seed42_00_nominal_none_fpr_crp.ticks.csv,published_blend,240,0.07149546435929627,,,0,0,0,2160,0,0,0,240
seed42_00_nominal_none_fpr_crp.ticks.csv,social_dynamic_innovation,240,0.07149546435929627,,,0,0,0,2160,0,0,0,240
seed42_01_bias_low_fpr_crp.ticks.csv,temporal_only,240,0.07487945825582162,,0.0,0,0,180,1980,0,0,0,240
seed42_01_bias_low_fpr_crp.ticks.csv,social_only,240,0.07487945825582162,,0.0,0,0,180,1980,0,0,0,240
seed42_01_bias_low_fpr_crp.ticks.csv,published_blend,240,0.07487945825582162,,0.0,0,0,180,1980,0,0,0,240
seed42_01_bias_low_fpr_crp.ticks.csv,social_dynamic_innovation,240,0.07487945825582162,,0.0,0,0,180,1980,0,0,0,240
seed42_02_bias_high_fpr_crp.ticks.csv,temporal_only,240,0.09384707274040661,,0.0,0,0,180,1980,0,58,6,242
seed42_02_bias_high_fpr_crp.ticks.csv,social_only,240,0.08407908403140184,1.0,0.9666666666666667,174,0,6,1980,0,0,180,300
seed42_02_bias_high_fpr_crp.ticks.csv,published_blend,240,0.09449105165062695,1.0,0.03333333333333333,6,0,174,1980,0,56,10,244
seed42_02_bias_high_fpr_crp.ticks.csv,social_dynamic_innovation,240,0.08407908403140184,1.0,0.9666666666666667,174,0,6,1980,0,0,180,300
seed42_03_drift_low_fpr_crp.ticks.csv,temporal_only,240,0.0825087018418593,,0.0,0,0,180,1980,0,0,0,240
seed42_03_drift_low_fpr_crp.ticks.csv,social_only,240,0.0825087018418593,,0.0,0,0,180,1980,0,0,0,240
seed42_03_drift_low_fpr_crp.ticks.csv,published_blend,240,0.0825087018418593,,0.0,0,0,180,1980,0,0,0,240
seed42_03_drift_low_fpr_crp.ticks.csv,social_dynamic_innovation,240,0.0825087018418593,,0.0,0,0,180,1980,0,0,0,240
seed42_04_drift_high_fpr_crp.ticks.csv,temporal_only,240,0.09232513908276448,,0.0,0,0,180,1980,0,24,0,240
seed42_04_drift_high_fpr_crp.ticks.csv,social_only,240,0.08669221280434244,1.0,0.29444444444444445,53,0,127,1980,0,3,54,261
seed42_04_drift_high_fpr_crp.ticks.csv,published_blend,240,0.09193949396819702,,0.0,0,0,180,1980,0,24,1,241
seed42_04_drift_high_fpr_crp.ticks.csv,social_dynamic_innovation,240,0.08763657286913712,1.0,0.3277777777777778,59,0,121,1980,0,0,69,264
seed42_05_replay_low_fpr_crp.ticks.csv,temporal_only,240,0.08497694670777425,,0.0,0,0,180,1980,0,0,0,240
seed42_05_replay_low_fpr_crp.ticks.csv,social_only,240,0.08497694670777425,,0.0,0,0,180,1980,0,0,0,240
seed42_05_replay_low_fpr_crp.ticks.csv,published_blend,240,0.08497694670777425,,0.0,0,0,180,1980,0,0,0,240
seed42_05_replay_low_fpr_crp.ticks.csv,social_dynamic_innovation,240,0.08497694670777425,,0.0,0,0,180,1980,0,0,0,240
seed42_06_replay_high_fpr_crp.ticks.csv,temporal_only,240,0.08438310054586894,,0.0,0,0,180,1980,0,0,0,240
seed42_06_replay_high_fpr_crp.ticks.csv,social_only,240,0.08438310054586894,,0.0,0,0,180,1980,0,0,0,240
seed42_06_replay_high_fpr_crp.ticks.csv,published_blend,240,0.08438310054586894,,0.0,0,0,180,1980,0,0,0,240
seed42_06_replay_high_fpr_crp.ticks.csv,social_dynamic_innovation,240,0.08438310054586894,,0.0,0,0,180,1980,0,0,0,240
seed42_07_freeze_low_fpr_crp.ticks.csv,temporal_only,240,0.07868795393482392,,0.0,0,0,60,2100,0,0,0,240
seed42_07_freeze_low_fpr_crp.ticks.csv,social_only,240,0.07868795393482392,,0.0,0,0,60,2100,0,0,0,240
seed42_07_freeze_low_fpr_crp.ticks.csv,published_blend,240,0.07868795393482392,,0.0,0,0,60,2100,0,0,0,240
seed42_07_freeze_low_fpr_crp.ticks.csv,social_dynamic_innovation,240,0.07868795393482392,,0.0,0,0,60,2100,0,0,0,240
seed42_08_freeze_high_fpr_crp.ticks.csv,temporal_only,240,0.08758855372691698,,0.0,0,0,180,1980,0,0,0,240
seed42_08_freeze_high_fpr_crp.ticks.csv,social_only,240,0.08758855372691698,,0.0,0,0,180,1980,0,0,0,240
seed42_08_freeze_high_fpr_crp.ticks.csv,published_blend,240,0.08758855372691698,,0.0,0,0,180,1980,0,0,0,240
seed42_08_freeze_high_fpr_crp.ticks.csv,social_dynamic_innovation,240,0.08758855372691698,,0.0,0,0,180,1980,0,0,0,240
seed42_09_spike_low_fpr_crp.ticks.csv,temporal_only,240,0.07731855811189492,1.0,0.9666666666666667,174,0,6,1980,0,0,180,300
seed42_09_spike_low_fpr_crp.ticks.csv,social_only,240,0.0773511820800523,1.0,0.9666666666666667,174,0,6,1980,0,0,178,300
seed42_09_spike_low_fpr_crp.ticks.csv,published_blend,240,0.07731855811189492,1.0,0.9666666666666667,174,0,6,1980,0,0,180,300
seed42_09_spike_low_fpr_crp.ticks.csv,social_dynamic_innovation,240,0.07731855811189492,1.0,0.9666666666666667,174,0,6,1980,0,0,180,300
seed42_10_spike_high_fpr_crp.ticks.csv,temporal_only,240,0.0864997606953667,1.0,0.9666666666666667,174,0,6,1980,0,0,180,300
seed42_10_spike_high_fpr_crp.ticks.csv,social_only,240,0.0864997606953667,1.0,0.9666666666666667,174,0,6,1980,0,0,180,300
seed42_10_spike_high_fpr_crp.ticks.csv,published_blend,240,0.0864997606953667,1.0,0.9666666666666667,174,0,6,1980,0,0,180,300
seed42_10_spike_high_fpr_crp.ticks.csv,social_dynamic_innovation,240,0.0864997606953667,1.0,0.9666666666666667,174,0,6,1980,0,0,180,300
seed42_11_scaling_low_fpr_crp.ticks.csv,temporal_only,240,0.07677912529011022,,0.0,0,0,180,1980,0,0,0,240
seed42_11_scaling_low_fpr_crp.ticks.csv,social_only,240,0.07677912529011022,,0.0,0,0,180,1980,0,0,0,240
seed42_11_scaling_low_fpr_crp.ticks.csv,published_blend,240,0.07677912529011022,,0.0,0,0,180,1980,0,0,0,240
seed42_11_scaling_low_fpr_crp.ticks.csv,social_dynamic_innovation,240,0.07677912529011022,,0.0,0,0,180,1980,0,0,0,240
seed42_12_scaling_high_fpr_crp.ticks.csv,temporal_only,240,0.09799624689909366,,0.0,0,0,180,1980,0,58,5,242
seed42_12_scaling_high_fpr_crp.ticks.csv,social_only,240,0.08421231339110838,1.0,0.9666666666666667,174,0,6,1980,0,0,174,300
seed42_12_scaling_high_fpr_crp.ticks.csv,published_blend,240,0.09821153753888995,1.0,0.016666666666666666,3,0,177,1980,0,57,8,245
seed42_12_scaling_high_fpr_crp.ticks.csv,social_dynamic_innovation,240,0.08541248386408817,1.0,0.9666666666666667,174,0,6,1980,0,0,180,300
seed42_13_stuck_low_fpr_crp.ticks.csv,temporal_only,240,0.07951683427852373,,0.0,0,0,180,1980,0,15,0,240
seed42_13_stuck_low_fpr_crp.ticks.csv,social_only,240,0.07951683427852373,,0.0,0,0,180,1980,0,15,0,240
seed42_13_stuck_low_fpr_crp.ticks.csv,published_blend,240,0.07951683427852373,,0.0,0,0,180,1980,0,15,0,240
seed42_13_stuck_low_fpr_crp.ticks.csv,social_dynamic_innovation,240,0.08035813122579638,1.0,0.03333333333333333,6,0,174,1980,0,9,18,246
seed42_14_stuck_high_fpr_crp.ticks.csv,temporal_only,240,0.12576731445467845,1.0,0.016666666666666666,3,0,177,1980,0,57,9,243
seed42_14_stuck_high_fpr_crp.ticks.csv,social_only,240,0.08187587330703819,1.0,0.9666666666666667,174,0,6,1980,0,0,180,300
seed42_14_stuck_high_fpr_crp.ticks.csv,published_blend,240,0.12503878720558143,1.0,0.03333333333333333,6,0,174,1980,0,56,12,244
seed42_14_stuck_high_fpr_crp.ticks.csv,social_dynamic_innovation,240,0.08187587330703819,1.0,0.9666666666666667,174,0,6,1980,0,0,180,300
