path,sha256,bytes
runs/round1/20260903_thermal_hot_start_closeout/checkpoints/hot_start_clean_seed101_fpr_crp.summary.json,7f328a3f33499905dd0fd55914b2cd3ead98b1cba32de6110c26620c76157bad,1119
runs/round1/20260903_thermal_hot_start_closeout/checkpoints/hot_start_clean_seed101_fpr_crp.ticks.csv,1ad2cf3ee3a4726a6179ebc925c4be47c8a60c10fed1f65175a3d5710d045324,334455
runs/round1/20260903_thermal_hot_start_closeout/checkpoints/hot_start_clean_seed101_mean.summary.json,b92871cd248f1a03fa40c8acbc8ff4b6c919b018715ac8fc09805a881dc80445,1115
runs/round1/20260903_thermal_hot_start_closeout/checkpoints/hot_start_clean_seed101_mean.ticks.csv,b1153c7134953f0cdd968951c912856cd3a8b239cee8e278a52b219dd1433272,290315
runs/round1/20260903_thermal_hot_start_closeout/checkpoints/hot_start_clean_seed101_oracle.summary.json,ad8bbc832a1ed0994d5a6f84bae2b44ac065a827d8576f198a2fd7de48265e60,1100
runs/round1/20260903_thermal_hot_start_closeout/checkpoints/hot_start_clean_seed101_oracle.ticks.csv,3aaa37aa848cef524d3cb9fd6877237e8794ccad1238e5a08b3c92b65663e89a,286394
runs/round1/20260903_thermal_hot_start_closeout/checkpoints/hot_start_clean_seed11_fpr_crp.summary.json,f191c4131670e74dae0fbdb5350759f30d43b20d4ba78c01722ab0f58090b3f3,1121
runs/round1/20260903_thermal_hot_start_closeout/checkpoints/hot_start_clean_seed11_fpr_crp.ticks.csv,b5b0bb7adf5a10130a51f23c3c30c88f50a2240b9046633a24dd2e62d502a905,334146
runs/round1/20260903_thermal_hot_start_closeout/checkpoints/hot_start_clean_seed11_mean.summary.json,6fd1ecc77c4deab7af57f99f57c1db40b868915ded19dc94523b950f089dca53,1115
runs/round1/20260903_thermal_hot_start_closeout/checkpoints/hot_start_clean_seed11_mean.ticks.csv,b5cdc73b8db055f1d76512c2cdcf97d197b4006c82c42b165c97fac2f172aeba,290360
runs/round1/20260903_thermal_hot_start_closeout/checkpoints/hot_start_clean_seed11_oracle.summary.json,8b96fefb794f2d7af0f99533d930755cb7fb78a99b02cf51cbc4b9def8e18228,1099
runs/round1/20260903_thermal_hot_start_closeout/checkpoints/hot_start_clean_seed11_oracle.ticks.csv,b1b5957a5878150033905da822fafe7f15a8162b585b15748324e92014491975,286087
runs/round1/20260903_thermal_hot_start_closeout/checkpoints/hot_start_clean_seed42_fpr_crp.summary.json,35d1209a24a673c8d90d6aad8de2b7df346dd1ac99d0e69c255e1106c24712c2,1121
runs/round1/20260903_thermal_hot_start_closeout/checkpoints/hot_start_clean_seed42_fpr_crp.ticks.csv,1ebb0788db47acf4ba9a8667ad0d4678979d037f18cd5a4ce33676ae48fc9a7f,334099
runs/round1/20260903_thermal_hot_start_closeout/checkpoints/hot_start_clean_seed42_mean.summary.json,103cf61a92ec80f285049f6840a0a5510099a9e9fc78269baaa80b3462c3baae,1114
runs/round1/20260903_thermal_hot_start_closeout/checkpoints/hot_start_clean_seed42_mean.ticks.csv,6c3068d8c61d01e730788b4f685cd9ca55108d337b64d0186feb27edbe5b1d40,289754
runs/round1/20260903_thermal_hot_start_closeout/checkpoints/hot_start_clean_seed42_oracle.summary.json,99b1a6a79489b53c5b096ec395c44dfbc84a6e8faff0d212599fb8e57559ebac,1101
runs/round1/20260903_thermal_hot_start_closeout/checkpoints/hot_start_clean_seed42_oracle.ticks.csv,3387710598957f530b2df9c3e57738f6ef92f0379a0256deb5561e47c8467884,285978
runs/round1/20260903_thermal_hot_start_closeout/checkpoints/hot_start_common_bias_seed101_fpr_crp.summary.json,09ca21f2089c4e2e7822130090217b17425e7036162c8fe32d6184c28eed039e,1155
runs/round1/20260903_thermal_hot_start_closeout/checkpoints/hot_start_common_bias_seed101_fpr_crp.ticks.csv,44fd1e33d6e2c5e5243e7fd67d9f6c18f232e95c95313a00892d9697ec83a714,334154
runs/round1/20260903_thermal_hot_start_closeout/checkpoints/hot_start_common_bias_seed101_mean.summary.json,a592a0bc468c84f933cfe3530df0e287a98c46cfd99baaa068a63fb86119c08e,1150
runs/round1/20260903_thermal_hot_start_closeout/checkpoints/hot_start_common_bias_seed101_mean.ticks.csv,4d95327a4b3b82915397fbe765a3a30a08a2778105f457e4b7d48cb8c9a1865d,290197
runs/round1/20260903_thermal_hot_start_closeout/checkpoints/hot_start_common_bias_seed101_oracle.summary.json,0a89b293cba5480694a02e8fe45665bf28841dc0ced9faadf0eeb5877549b93e,1106
runs/round1/20260903_thermal_hot_start_closeout/checkpoints/hot_start_common_bias_seed101_oracle.ticks.csv,ea63c85c7948b53d55943881be16391bac927cc1299313d81967147bc0e6d000,285829
runs/round1/20260903_thermal_hot_start_closeout/checkpoints/hot_start_common_bias_seed11_fpr_crp.summary.json,38d315417d41049ed8e2d443999aac962ebffc9fc88691dbfe714954c44b42ea,1155
runs/round1/20260903_thermal_hot_start_closeout/checkpoints/hot_start_common_bias_seed11_fpr_crp.ticks.csv,82ee1740620171533d609f4b395dc6730c4633d62e568ca57984abc17fe2c1cc,334218
runs/round1/20260903_thermal_hot_start_closeout/checkpoints/hot_start_common_bias_seed11_mean.summary.json,541d956f77fa40efb36e298f88381edc4c1b2a0bec07927d0fd0f524002409d2,1150
runs/round1/20260903_thermal_hot_start_closeout/checkpoints/hot_start_common_bias_seed11_mean.ticks.csv,2033073842bd53caec091e1441881afdcd0b81038272767c5e0c211e5536b2cb,289828
runs/round1/20260903_thermal_hot_start_closeout/checkpoints/hot_start_common_bias_seed11_oracle.summary.json,de49f3ff5e045388b01539da53bf9caa71400541cede5393a402518f8b16828a,1105
runs/round1/20260903_thermal_hot_start_closeout/checkpoints/hot_start_common_bias_seed11_oracle.ticks.csv,12e920518d3df0a3d36001504fd02831a4c6c33ea824e35cf9d3d76b2b7258ed,285442
runs/round1/20260903_thermal_hot_start_closeout/checkpoints/hot_start_common_bias_seed42_fpr_crp.summary.json,e57c57e83b4e654abb3e98860ce0a53df6d4f6350752ed56d1e541b926bd3251,1155
runs/round1/20260903_thermal_hot_start_closeout/checkpoints/hot_start_common_bias_seed42_fpr_crp.ticks.csv,8ce4d3be9225ad45dc7154f08f57c3a79fbff85b4257a6a392992944a0e8891d,333917
runs/round1/20260903_thermal_hot_start_closeout/checkpoints/hot_start_common_bias_seed42_mean.summary.json,08a810eee172ae993418762567ffdcf93ad5e4811a6d2e483029b9f2c2ebfee9,1153
runs/round1/20260903_thermal_hot_start_closeout/checkpoints/hot_start_common_bias_seed42_mean.ticks.csv,9ea8affacccf26bdcb9bbcdabf4d88d6861ef8e01a6713fba134dbd64d7a5e67,289961
runs/round1/20260903_thermal_hot_start_closeout/checkpoints/hot_start_common_bias_seed42_oracle.summary.json,60c02299559d118a0b3b615d7ba944ffaea02db71ec848d6ba8db9ca251e143a,1107
runs/round1/20260903_thermal_hot_start_closeout/checkpoints/hot_start_common_bias_seed42_oracle.ticks.csv,02b9b7882c3c1751d533823fa7ad51a0fb604e8d5ff26a2d8fdd7c415641dd76,285403
