attack_type,attack_ratio,method,seed,sensor_noise_level,sensors_per_group,alpha,beta,mae,rmse,median_absolute_error,p95_absolute_error,max_absolute_error,mean_anomaly_flags,mean_confidence
bias,0.0,direct_owa,51.333333333333336,0.2833333333333333,9.0,0.25,0.75,1.5167091613174692,1.5749709733340298,1.4031908249644205,2.177884505999744,2.378718829485556,0.0,1.0
bias,0.0,fpr_owa,51.333333333333336,0.2833333333333333,9.0,0.25,0.75,1.606579391609211,1.6801997503496158,1.5368600265228805,2.3405933502544753,2.572021618562354,1.0239197530864197,0.5346690363491322
bias,0.0,hampel_filter_then_mean,51.333333333333336,0.2833333333333333,9.0,0.25,0.75,1.5055047030231845,1.5696630017338307,1.3856518620044596,2.261319333582599,2.5928041467653817,0.0,1.0
bias,0.0,mean,51.333333333333336,0.2833333333333333,9.0,0.25,0.75,1.4444259462255238,1.4908385851158745,1.3474679840612556,2.0223981102851605,2.1983511484575198,0.0,1.0
bias,0.0,median,51.333333333333336,0.2833333333333333,9.0,0.25,0.75,1.5784847036315741,1.6514589038501226,1.4703870162085872,2.347073763943246,2.601161626559418,0.0,1.0
bias,0.0,trimmed_mean,51.333333333333336,0.2833333333333333,9.0,0.25,0.75,1.4512606355045279,1.4986154617188123,1.3512922027579792,2.0359384359448196,2.22432909837423,0.0,1.0
bias,0.1,direct_owa,51.333333333333336,0.2833333333333333,9.0,0.25,0.75,1.5343113438073335,1.592866636008144,1.4319047483022673,2.203781269475443,2.4061219661039726,0.0,1.0
bias,0.1,fpr_owa,51.333333333333336,0.2833333333333333,9.0,0.25,0.75,1.5732801998492087,1.6421062345067268,1.5137375823850177,2.3058323542562515,2.5348229383981473,1.206327160493827,0.5291523320071029
bias,0.1,hampel_filter_then_mean,51.333333333333336,0.2833333333333333,9.0,0.25,0.75,1.5034588138878462,1.5687247682703125,1.3868323825817725,2.278901496773678,2.600231178635332,0.0,1.0
bias,0.1,mean,51.333333333333336,0.2833333333333333,9.0,0.25,0.75,1.544710846510424,1.6007619285461117,1.4947475513122919,2.239857353554015,2.436098357411427,0.0,1.0
bias,0.1,median,51.333333333333336,0.2833333333333333,9.0,0.25,0.75,1.5934891601357657,1.6668468692722536,1.495161282214897,2.370503456897822,2.6266139731245506,0.0,1.0
bias,0.1,trimmed_mean,51.333333333333336,0.2833333333333333,9.0,0.25,0.75,1.5183567882422224,1.5716264059508778,1.4545676575652904,2.178292401461824,2.38484814023995,0.0,1.0
bias,0.2,direct_owa,51.333333333333336,0.2833333333333333,9.0,0.25,0.75,1.6093732556043787,1.6732064282275942,1.5560982701071393,2.3539412845715098,2.588136652183558,0.0,1.0
bias,0.2,fpr_owa,51.333333333333336,0.2833333333333333,9.0,0.25,0.75,1.4834699087963028,1.558399658714268,1.392850307922423,2.2915513630979873,2.6072288646903825,1.3449074074074074,0.5270009990975616
bias,0.2,hampel_filter_then_mean,51.333333333333336,0.2833333333333333,9.0,0.25,0.75,1.5966568801106236,1.6840375842855246,1.4725922659325779,2.470366697602044,2.8456579366778474,0.0,1.0
bias,0.2,mean,51.333333333333336,0.2833333333333333,9.0,0.25,0.75,1.7926880544876322,1.8964808583831896,1.7694299372831974,2.8387682523551216,3.0445698362945537,0.0,1.0
bias,0.2,median,51.333333333333336,0.2833333333333333,9.0,0.25,0.75,1.6483493922678467,1.7250042553069493,1.5747477737991984,2.4618410570930727,2.764730308629124,0.0,1.0
bias,0.2,trimmed_mean,51.333333333333336,0.2833333333333333,9.0,0.25,0.75,1.7759008466487083,1.873193338996528,1.7772255097679146,2.792376224018005,3.0055876729971414,0.0,1.0
bias,0.3,direct_owa,51.333333333333336,0.2833333333333333,9.0,0.25,0.75,1.876314700422458,1.9932341360082158,1.8509487100156785,2.997888966326751,3.24426366114476,0.0,1.0
bias,0.3,fpr_owa,51.333333333333336,0.2833333333333333,9.0,0.25,0.75,1.6854737794735424,1.786080839321765,1.6457072865956681,2.6649244326052375,3.0749460712492374,1.4168209876543212,0.5192842510784774
bias,0.3,hampel_filter_then_mean,51.333333333333336,0.2833333333333333,9.0,0.25,0.75,1.8143159844746524,1.9520534343278195,1.6767612437560144,3.0951445058558047,3.4950521548323508,0.0,1.0
bias,0.3,mean,51.333333333333336,0.2833333333333333,9.0,0.25,0.75,1.9996396214391992,2.1661235599551274,1.8217408189179427,3.3561471697340397,3.561948753673471,0.0,1.0
bias,0.3,median,51.333333333333336,0.2833333333333333,9.0,0.25,0.75,1.7109251856709102,1.7922408025861671,1.6672088636994185,2.584908471969747,2.929207456820434,0.0,1.0
bias,0.3,trimmed_mean,51.333333333333336,0.2833333333333333,9.0,0.25,0.75,1.9895067171464915,2.150363198264458,1.8330152027216529,3.32588274174723,3.53953189132131,0.0,1.0
bias,0.4,direct_owa,51.333333333333336,0.2833333333333333,9.0,0.25,0.75,2.056766875498155,2.22610080685083,1.9448059104103903,3.447729061056819,3.69001920815455,0.0,1.0
bias,0.4,fpr_owa,51.333333333333336,0.2833333333333333,9.0,0.25,0.75,1.8849849198965651,2.0042193714257084,1.8536589624354638,3.0415879429919563,3.5731577943706934,0.9714506172839507,0.5339786867013309
bias,0.4,hampel_filter_then_mean,51.333333333333336,0.2833333333333333,9.0,0.25,0.75,2.017076363105,2.198466970112207,1.8327193312804535,3.453980022449222,3.764378808628452,0.0,1.0
bias,0.4,mean,51.333333333333336,0.2833333333333333,9.0,0.25,0.75,2.099924521724099,2.3037344222105234,1.8220681041522193,3.60685942044629,3.812661004385722,0.0,1.0
bias,0.4,median,51.333333333333336,0.2833333333333333,9.0,0.25,0.75,1.7611455789377912,1.8496864774216273,1.7324214190733807,2.707916647894539,3.0733490672700974,0.0,1.0
bias,0.4,trimmed_mean,51.333333333333336,0.2833333333333333,9.0,0.25,0.75,2.0967415644273477,2.2968879297950995,1.833492738023337,3.5948103445122794,3.808116185874137,0.0,1.0
drift,0.0,direct_owa,51.333333333333336,0.2833333333333333,9.0,0.25,0.75,1.5167091613174692,1.5749709733340298,1.4031908249644205,2.177884505999744,2.378718829485556,0.0,1.0
drift,0.0,fpr_owa,51.333333333333336,0.2833333333333333,9.0,0.25,0.75,1.606579391609211,1.6801997503496158,1.5368600265228805,2.3405933502544753,2.572021618562354,1.0239197530864197,0.5346690363491322
drift,0.0,hampel_filter_then_mean,51.333333333333336,0.2833333333333333,9.0,0.25,0.75,1.5055047030231845,1.5696630017338307,1.3856518620044596,2.261319333582599,2.5928041467653817,0.0,1.0
drift,0.0,mean,51.333333333333336,0.2833333333333333,9.0,0.25,0.75,1.4444259462255238,1.4908385851158745,1.3474679840612556,2.0223981102851605,2.1983511484575198,0.0,1.0
drift,0.0,median,51.333333333333336,0.2833333333333333,9.0,0.25,0.75,1.5784847036315741,1.6514589038501226,1.4703870162085872,2.347073763943246,2.601161626559418,0.0,1.0
drift,0.0,trimmed_mean,51.333333333333336,0.2833333333333333,9.0,0.25,0.75,1.4512606355045279,1.4986154617188123,1.3512922027579792,2.0359384359448196,2.22432909837423,0.0,1.0
drift,0.1,direct_owa,51.333333333333336,0.2833333333333333,9.0,0.25,0.75,1.5314525735458593,1.5895780914800222,1.4307738202674618,2.2017891910680283,2.4036452688406524,0.0,1.0
drift,0.1,fpr_owa,51.333333333333336,0.2833333333333333,9.0,0.25,0.75,1.5978411341149055,1.6700564836881426,1.537006444833848,2.3392756273907427,2.6001387577123256,1.083641975308642,0.5326309208749236
drift,0.1,hampel_filter_then_mean,51.333333333333336,0.2833333333333333,9.0,0.25,0.75,1.523679241317154,1.5870494988868586,1.4141245567498777,2.280412758394437,2.622039477257905,0.0,1.0
drift,0.1,mean,51.333333333333336,0.2833333333333333,9.0,0.25,0.75,1.4801524419520196,1.5297515325308848,1.3911635463762666,2.1315798873652576,2.3415463829203005,0.0,1.0
drift,0.1,median,51.333333333333336,0.2833333333333333,9.0,0.25,0.75,1.5916705753078406,1.6646441961090848,1.4944070581210256,2.3674750270415825,2.6266139731245506,0.0,1.0
drift,0.1,trimmed_mean,51.333333333333336,0.2833333333333333,9.0,0.25,0.75,1.4786958561389565,1.5279499327682198,1.3898260162348401,2.1150089525317086,2.3238900933645072,0.0,1.0
drift,0.2,direct_owa,51.333333333333336,0.2833333333333333,9.0,0.25,0.75,1.5799748812369272,1.6400386533169424,1.517516924832213,2.2970173566109517,2.550703689541081,0.0,1.0
drift,0.2,fpr_owa,51.333333333333336,0.2833333333333333,9.0,0.25,0.75,1.5994206658450594,1.678336054937273,1.53419717506016,2.3876757369675947,2.8589128782997646,1.0157407407407408,0.5360888056607451
drift,0.2,hampel_filter_then_mean,51.333333333333336,0.2833333333333333,9.0,0.25,0.75,1.5843001946995214,1.6510027900192055,1.5259551213800533,2.3835048890738637,2.778696390312563,0.0,1.0
drift,0.2,mean,51.333333333333336,0.2833333333333333,9.0,0.25,0.75,1.5684943222938998,1.6319862364110196,1.5126656527232374,2.4695111604951303,2.7235395228274637,0.0,1.0
drift,0.2,median,51.333333333333336,0.2833333333333333,9.0,0.25,0.75,1.6374997780139962,1.711656149607867,1.571438952902523,2.439938960485163,2.7551921244128286,0.0,1.0
drift,0.2,trimmed_mean,51.333333333333336,0.2833333333333333,9.0,0.25,0.75,1.5682410824100879,1.6307233079107795,1.510172058448459,2.4522603058541392,2.708947883291586,0.0,1.0
drift,0.3,direct_owa,51.333333333333336,0.2833333333333333,9.0,0.25,0.75,1.6688207217460327,1.7452179291661527,1.6239727350268103,2.648921214291125,2.961740838445558,0.0,1.0
drift,0.3,fpr_owa,51.333333333333336,0.2833333333333333,9.0,0.25,0.75,1.6915841280366029,1.7848842189601137,1.6350224260842887,2.6485774719917123,3.385148589076333,0.9243827160493827,0.5379818749835044
drift,0.3,hampel_filter_then_mean,51.333333333333336,0.2833333333333333,9.0,0.25,0.75,1.6631431652560307,1.744455625961138,1.619275930506407,2.660016342801917,3.1131185231941907,0.0,1.0
drift,0.3,mean,51.333333333333336,0.2833333333333333,9.0,0.25,0.75,1.6422208180203957,1.7239753779481835,1.6075401982364228,2.7916906062161617,3.066149042655931,0.0,1.0
drift,0.3,median,51.333333333333336,0.2833333333333333,9.0,0.25,0.75,1.6893387267558604,1.7661384823387711,1.6516862156521996,2.525548230697229,2.896099424325992,0.0,1.0
drift,0.3,trimmed_mean,51.333333333333336,0.2833333333333333,9.0,0.25,0.75,1.6439053785661253,1.7247804492162213,1.6076293504601091,2.7836872539878836,3.055990115086098,0.0,1.0
drift,0.4,direct_owa,51.333333333333336,0.2833333333333333,9.0,0.25,0.75,1.724244139424481,1.8161493265944415,1.6823907743652684,2.9193591489738577,3.2310937481412343,0.0,1.0
drift,0.4,fpr_owa,51.333333333333336,0.2833333333333333,9.0,0.25,0.75,1.7709004799910848,1.878540361886181,1.707194316013907,2.935242067265287,3.7073414557479727,0.8398148148148148,0.5412383795649548
drift,0.4,hampel_filter_then_mean,51.333333333333336,0.2833333333333333,9.0,0.25,0.75,1.7041345354234099,1.796357848071379,1.6672915354808266,2.8410444411920044,3.2394600084108967,0.0,1.0
drift,0.4,mean,51.333333333333336,0.2833333333333333,9.0,0.25,0.75,1.6779473137468914,1.7711721939390486,1.6381153083491913,2.948995297437784,3.2376223752233186,0.0,1.0
drift,0.4,median,51.333333333333336,0.2833333333333333,9.0,0.25,0.75,1.7254022341439725,1.8066849599143058,1.7078614687064075,2.6159030370283367,3.0515278029825272,0.0,1.0
drift,0.4,trimmed_mean,51.333333333333336,0.2833333333333333,9.0,0.25,0.75,1.6818387503768277,1.7746806069798116,1.644666816811145,2.949234942819925,3.238277619754237,0.0,1.0
freeze,0.0,direct_owa,51.333333333333336,0.2833333333333333,9.0,0.25,0.75,1.5167091613174692,1.5749709733340298,1.4031908249644205,2.177884505999744,2.378718829485556,0.0,1.0
freeze,0.0,fpr_owa,51.333333333333336,0.2833333333333333,9.0,0.25,0.75,1.606579391609211,1.6801997503496158,1.5368600265228805,2.3405933502544753,2.572021618562354,1.0239197530864197,0.5346690363491322
freeze,0.0,hampel_filter_then_mean,51.333333333333336,0.2833333333333333,9.0,0.25,0.75,1.5055047030231845,1.5696630017338307,1.3856518620044596,2.261319333582599,2.5928041467653817,0.0,1.0
freeze,0.0,mean,51.333333333333336,0.2833333333333333,9.0,0.25,0.75,1.4444259462255238,1.4908385851158745,1.3474679840612556,2.0223981102851605,2.1983511484575198,0.0,1.0
freeze,0.0,median,51.333333333333336,0.2833333333333333,9.0,0.25,0.75,1.5784847036315741,1.6514589038501226,1.4703870162085872,2.347073763943246,2.601161626559418,0.0,1.0
freeze,0.0,trimmed_mean,51.333333333333336,0.2833333333333333,9.0,0.25,0.75,1.4512606355045279,1.4986154617188123,1.3512922027579792,2.0359384359448196,2.22432909837423,0.0,1.0
freeze,0.1,direct_owa,51.333333333333336,0.2833333333333333,9.0,0.25,0.75,1.501959644940443,1.5587948975411179,1.3998690620430765,2.156237024999387,2.3672783934951234,0.0,1.0
freeze,0.1,fpr_owa,51.333333333333336,0.2833333333333333,9.0,0.25,0.75,1.5940698938595657,1.6671457275127102,1.5300280134717552,2.330298112339633,2.553764949687616,0.9652777777777778,0.5364500239867174
freeze,0.1,hampel_filter_then_mean,51.333333333333336,0.2833333333333333,9.0,0.25,0.75,1.4876682783117532,1.5482134147527329,1.3810107286981446,2.2158273933366726,2.5640780914680867,0.0,1.0
freeze,0.1,mean,51.333333333333336,0.2833333333333333,9.0,0.25,0.75,1.4342411767508276,1.4799051161840668,1.3452720632692081,2.00312757765408,2.192405977501714,0.0,1.0
freeze,0.1,median,51.333333333333336,0.2833333333333333,9.0,0.25,0.75,1.5599564912013528,1.630367102289401,1.4655669052162796,2.3199867080727117,2.595954606935446,0.0,1.0
freeze,0.1,trimmed_mean,51.333333333333336,0.2833333333333333,9.0,0.25,0.75,1.440546911172907,1.4870689155214818,1.3493839040948534,2.018019567143425,2.2170883335653753,0.0,1.0
freeze,0.2,direct_owa,51.333333333333336,0.2833333333333333,9.0,0.25,0.75,1.503329067048915,1.5592344463838443,1.4101207616908598,2.1614206768754864,2.3600415970088635,0.0,1.0
freeze,0.2,fpr_owa,51.333333333333336,0.2833333333333333,9.0,0.25,0.75,1.5961136186599207,1.6681888853007896,1.5416918747594468,2.3343485236626047,2.560721871540448,0.9804012345679013,0.5357095796072967
freeze,0.2,hampel_filter_then_mean,51.333333333333336,0.2833333333333333,9.0,0.25,0.75,1.487899037143942,1.5487727156340754,1.3897968940705476,2.235865931642023,2.5557553957138417,0.0,1.0
freeze,0.2,mean,51.333333333333336,0.2833333333333333,9.0,0.25,0.75,1.4348894009077724,1.4789802622946102,1.3588118837706913,1.9926511661659685,2.178639118932052,0.0,1.0
freeze,0.2,median,51.333333333333336,0.2833333333333333,9.0,0.25,0.75,1.558820928653806,1.6292630197210027,1.4720944971996266,2.3332096809619167,2.590266108790797,0.0,1.0
freeze,0.2,trimmed_mean,51.333333333333336,0.2833333333333333,9.0,0.25,0.75,1.4417862169808546,1.4867173067200687,1.363567694937904,2.006038757498002,2.2034141043435924,0.0,1.0
freeze,0.3,direct_owa,51.333333333333336,0.2833333333333333,9.0,0.25,0.75,1.5202897829560547,1.5743285025701896,1.4426837763448181,2.1694723638508244,2.370447104999979,0.0,1.0
freeze,0.3,fpr_owa,51.333333333333336,0.2833333333333333,9.0,0.25,0.75,1.6150765613897293,1.684177841670632,1.564176222599109,2.344266815936847,2.552233155530061,0.9941358024691357,0.5350775667207716
freeze,0.3,hampel_filter_then_mean,51.333333333333336,0.2833333333333333,9.0,0.25,0.75,1.503956993235435,1.5632346539439022,1.4182882000550305,2.229293282070341,2.56460797028522,0.0,1.0
freeze,0.3,mean,51.333333333333336,0.2833333333333333,9.0,0.25,0.75,1.447597188218789,1.490457647796301,1.3858595100573718,2.005799486504608,2.1872862784917806,0.0,1.0
freeze,0.3,median,51.333333333333336,0.2833333333333333,9.0,0.25,0.75,1.578651333751923,1.646901846918486,1.5065394042082656,2.3352914080392613,2.582989798488527,0.0,1.0
freeze,0.3,trimmed_mean,51.333333333333336,0.2833333333333333,9.0,0.25,0.75,1.4545526028051623,1.4981933620057748,1.3903325404371065,2.020398460418982,2.2120090666632444,0.0,1.0
freeze,0.4,direct_owa,51.333333333333336,0.2833333333333333,9.0,0.25,0.75,1.5119466485305113,1.5646355759255233,1.438793952248879,2.1529699204781547,2.362040261442057,0.0,1.0
freeze,0.4,fpr_owa,51.333333333333336,0.2833333333333333,9.0,0.25,0.75,1.6062482998082197,1.674932890092535,1.561153923122811,2.338706815971933,2.546054216066293,0.9344135802469137,0.5372124404929084
freeze,0.4,hampel_filter_then_mean,51.333333333333336,0.2833333333333333,9.0,0.25,0.75,1.4933904979089359,1.548946111572197,1.4218505953370537,2.1356138946626535,2.5465957830272212,0.0,1.0
freeze,0.4,mean,51.333333333333336,0.2833333333333333,9.0,0.25,0.75,1.4418615463051643,1.483961536570457,1.3833676900054455,1.9962227166482347,2.1812607788693534,0.0,1.0
freeze,0.4,median,51.333333333333336,0.2833333333333333,9.0,0.25,0.75,1.5681179233116345,1.6333442074523896,1.5068214575877317,2.305430099887113,2.578582254203612,0.0,1.0
freeze,0.4,trimmed_mean,51.333333333333336,0.2833333333333333,9.0,0.25,0.75,1.4481765832067142,1.49102910798988,1.3878673538784645,2.010674048242378,2.2062660701800256,0.0,1.0
mixed,0.0,direct_owa,51.333333333333336,0.2833333333333333,9.0,0.25,0.75,1.5167091613174692,1.5749709733340298,1.4031908249644205,2.177884505999744,2.378718829485556,0.0,1.0
mixed,0.0,fpr_owa,51.333333333333336,0.2833333333333333,9.0,0.25,0.75,1.606579391609211,1.6801997503496158,1.5368600265228805,2.3405933502544753,2.572021618562354,1.0239197530864197,0.5346690363491322
mixed,0.0,hampel_filter_then_mean,51.333333333333336,0.2833333333333333,9.0,0.25,0.75,1.5055047030231845,1.5696630017338307,1.3856518620044596,2.261319333582599,2.5928041467653817,0.0,1.0
mixed,0.0,mean,51.333333333333336,0.2833333333333333,9.0,0.25,0.75,1.4444259462255238,1.4908385851158745,1.3474679840612556,2.0223981102851605,2.1983511484575198,0.0,1.0
mixed,0.0,median,51.333333333333336,0.2833333333333333,9.0,0.25,0.75,1.5784847036315741,1.6514589038501226,1.4703870162085872,2.347073763943246,2.601161626559418,0.0,1.0
mixed,0.0,trimmed_mean,51.333333333333336,0.2833333333333333,9.0,0.25,0.75,1.4512606355045279,1.4986154617188123,1.3512922027579792,2.0359384359448196,2.22432909837423,0.0,1.0
mixed,0.1,direct_owa,51.333333333333336,0.2833333333333333,9.0,0.25,0.75,1.5223928175210146,1.5811896666000698,1.4139694015434232,2.1880823949983577,2.3971718618994395,0.0,1.0
mixed,0.1,fpr_owa,51.333333333333336,0.2833333333333333,9.0,0.25,0.75,1.5954340990153861,1.6673716882515321,1.5373811093296794,2.341324883728633,2.5861718092366206,1.0743827160493826,0.5333349335232813
mixed,0.1,hampel_filter_then_mean,51.333333333333336,0.2833333333333333,9.0,0.25,0.75,1.5068996540041015,1.570216849666196,1.3902757871366538,2.261417463080848,2.6095006948235384,0.0,1.0
mixed,0.1,mean,51.333333333333336,0.2833333333333333,9.0,0.25,0.75,1.472064673545418,1.5349042381412343,1.3630424861638988,2.1727292232395388,2.589719974361018,0.0,1.0
mixed,0.1,median,51.333333333333336,0.2833333333333333,9.0,0.25,0.75,1.582874948258343,1.65617637111686,1.4844504379801953,2.3517231337883553,2.619416684212366,0.0,1.0
mixed,0.1,trimmed_mean,51.333333333333336,0.2833333333333333,9.0,0.25,0.75,1.4715247398292182,1.529154058269896,1.3660966985340055,2.1352753635622994,2.487927907826332,0.0,1.0
mixed,0.2,direct_owa,51.333333333333336,0.2833333333333333,9.0,0.25,0.75,1.539042921243318,1.6049292385668894,1.4307546764697123,2.2510908299002073,2.5046572110610605,0.0,1.0
mixed,0.2,fpr_owa,51.333333333333336,0.2833333333333333,9.0,0.25,0.75,1.562895034742226,1.6397449593961757,1.497014941405547,2.3538714962333978,2.6253943025106503,1.1520061728395061,0.532163593551835
mixed,0.2,hampel_filter_then_mean,51.333333333333336,0.2833333333333333,9.0,0.25,0.75,1.527688953155572,1.6036884294809828,1.4022500962148285,2.3993676063310043,2.770467798251482,0.0,1.0
mixed,0.2,mean,51.333333333333336,0.2833333333333333,9.0,0.25,0.75,1.5515889573228723,1.656932595515436,1.3869282470398194,2.724503020358473,3.4825548336747536,0.0,1.0
mixed,0.2,median,51.333333333333336,0.2833333333333333,9.0,0.25,0.75,1.5938899574840206,1.6743146350282312,1.5018672581288934,2.401969944571786,2.664674656392373,0.0,1.0
mixed,0.2,trimmed_mean,51.333333333333336,0.2833333333333333,9.0,0.25,0.75,1.5488505605286582,1.6511743449498666,1.39130063454955,2.674266778042402,3.369926149679896,0.0,1.0
mixed,0.3,direct_owa,51.333333333333336,0.2833333333333333,9.0,0.25,0.75,1.6155559546420646,1.7289580247501253,1.431964865092853,2.8253364681926096,3.5709493479217294,0.0,1.0
mixed,0.3,fpr_owa,51.333333333333336,0.2833333333333333,9.0,0.25,0.75,1.6230783838801965,1.743149917660585,1.5092291771894635,2.6901513398103503,3.4600158373758343,1.2242283950617283,0.5277139117862656
mixed,0.3,hampel_filter_then_mean,51.333333333333336,0.2833333333333333,9.0,0.25,0.75,1.5669067682232867,1.6689511064442486,1.4029737271603917,2.6576953002315187,3.430039695465897,0.0,1.0
mixed,0.3,mean,51.333333333333336,0.2833333333333333,9.0,0.25,0.75,1.620796976416922,1.768059868128004,1.3959530365883606,3.217200230309206,4.3876016389918036,0.0,1.0
mixed,0.3,median,51.333333333333336,0.2833333333333333,9.0,0.25,0.75,1.5969296496393979,1.6848530842437734,1.4817155116878178,2.451629279702825,2.8058205390941544,0.0,1.0
mixed,0.3,trimmed_mean,51.333333333333336,0.2833333333333333,9.0,0.25,0.75,1.6226875642643206,1.7664736927322375,1.3979758754863265,3.1867242490344663,4.3061454567814454,0.0,1.0
mixed,0.4,direct_owa,51.333333333333336,0.2833333333333333,9.0,0.25,0.75,1.6710185879208967,1.8207639091042125,1.4482942535758039,3.2648014331591857,4.350360525678612,0.0,1.0
mixed,0.4,fpr_owa,51.333333333333336,0.2833333333333333,9.0,0.25,0.75,1.7020079456215527,1.8380110010515602,1.5472464111022395,2.9264715233931526,4.149467039550841,1.1337962962962964,0.5313753045288351
mixed,0.4,hampel_filter_then_mean,51.333333333333336,0.2833333333333333,9.0,0.25,0.75,1.629271851159359,1.7691107601498215,1.4150228282796542,3.1208420376765997,4.260177412963013,0.0,1.0
mixed,0.4,mean,51.333333333333336,0.2833333333333333,9.0,0.25,0.75,1.6500873815796613,1.8216721617512432,1.4069967845129316,3.473005216383456,4.868670770225467,0.0,1.0
mixed,0.4,median,51.333333333333336,0.2833333333333333,9.0,0.25,0.75,1.6084922051295398,1.7040866321643233,1.4889205705017656,2.494053586936696,2.9211659434813764,0.0,1.0
mixed,0.4,trimmed_mean,51.333333333333336,0.2833333333333333,9.0,0.25,0.75,1.654394054664074,1.8249730337412133,1.4131151592145497,3.461416063240164,4.823903244672362,0.0,1.0
replay,0.0,direct_owa,51.333333333333336,0.2833333333333333,9.0,0.25,0.75,1.5167091613174692,1.5749709733340298,1.4031908249644205,2.177884505999744,2.378718829485556,0.0,1.0
replay,0.0,fpr_owa,51.333333333333336,0.2833333333333333,9.0,0.25,0.75,1.606579391609211,1.6801997503496158,1.5368600265228805,2.3405933502544753,2.572021618562354,1.0239197530864197,0.5346690363491322
replay,0.0,hampel_filter_then_mean,51.333333333333336,0.2833333333333333,9.0,0.25,0.75,1.5055047030231845,1.5696630017338307,1.3856518620044596,2.261319333582599,2.5928041467653817,0.0,1.0
replay,0.0,mean,51.333333333333336,0.2833333333333333,9.0,0.25,0.75,1.4444259462255238,1.4908385851158745,1.3474679840612556,2.0223981102851605,2.1983511484575198,0.0,1.0
replay,0.0,median,51.333333333333336,0.2833333333333333,9.0,0.25,0.75,1.5784847036315741,1.6514589038501226,1.4703870162085872,2.347073763943246,2.601161626559418,0.0,1.0
replay,0.0,trimmed_mean,51.333333333333336,0.2833333333333333,9.0,0.25,0.75,1.4512606355045279,1.4986154617188123,1.3512922027579792,2.0359384359448196,2.22432909837423,0.0,1.0
replay,0.1,direct_owa,51.333333333333336,0.2833333333333333,9.0,0.25,0.75,1.5152866124390274,1.5733770413802206,1.4038429020770136,2.175278680027662,2.3813028645198635,0.0,1.0
replay,0.1,fpr_owa,51.333333333333336,0.2833333333333333,9.0,0.25,0.75,1.6057148863894175,1.6794455492531624,1.538822853650293,2.3413407128581585,2.567883188659056,1.0138888888888888,0.5350394983021916
replay,0.1,hampel_filter_then_mean,51.333333333333336,0.2833333333333333,9.0,0.25,0.75,1.5038323884192375,1.5676611943742227,1.3865134763009144,2.2529132596348456,2.599379032243238,0.0,1.0
replay,0.1,mean,51.333333333333336,0.2833333333333333,9.0,0.25,0.75,1.4435272900954035,1.4898690947276916,1.3486181123594772,2.018494360061913,2.206922260108708,0.0,1.0
replay,0.1,median,51.333333333333336,0.2833333333333333,9.0,0.25,0.75,1.5756586688085132,1.6483268923523473,1.4701913710624817,2.3427628110176677,2.6054557777354765,0.0,1.0
replay,0.1,trimmed_mean,51.333333333333336,0.2833333333333333,9.0,0.25,0.75,1.4503205589499475,1.4975992710146628,1.3538088140885065,2.034162340422245,2.231991321113993,0.0,1.0
replay,0.2,direct_owa,51.333333333333336,0.2833333333333333,9.0,0.25,0.75,1.5131140272711396,1.5711059743550366,1.4193065640505211,2.176261971845994,2.3753006781858215,0.0,1.0
replay,0.2,fpr_owa,51.333333333333336,0.2833333333333333,9.0,0.25,0.75,1.6040850174936911,1.6783306604578432,1.5460378072549628,2.345924095194966,2.5629569864277633,1.0087962962962964,0.5350773731523083
replay,0.2,hampel_filter_then_mean,51.333333333333336,0.2833333333333333,9.0,0.25,0.75,1.5023969179421943,1.5662848139007177,1.398728863863264,2.2618082040319085,2.5937722943411026,0.0,1.0
replay,0.2,mean,51.333333333333336,0.2833333333333333,9.0,0.25,0.75,1.4413791912378129,1.4874522000413588,1.3568808258999254,2.017659162497542,2.2041326123135456,0.0,1.0
replay,0.2,median,51.333333333333336,0.2833333333333333,9.0,0.25,0.75,1.5721061942727363,1.6446357994584972,1.4818804199474644,2.342551653249919,2.601387000569989,0.0,1.0
replay,0.2,trimmed_mean,51.333333333333336,0.2833333333333333,9.0,0.25,0.75,1.4481374798928595,1.495127127712035,1.3623724782649849,2.032225871908945,2.2295363340757897,0.0,1.0
replay,0.3,direct_owa,51.333333333333336,0.2833333333333333,9.0,0.25,0.75,1.511602373656059,1.569166121461434,1.4218543154891619,2.175170255128277,2.380724980252322,0.0,1.0
replay,0.3,fpr_owa,51.333333333333336,0.2833333333333333,9.0,0.25,0.75,1.6028933542158288,1.6765729003868577,1.5478317788389953,2.3426470647569433,2.5604569520471574,1.0152777777777777,0.5350060543789693
replay,0.3,hampel_filter_then_mean,51.333333333333336,0.2833333333333333,9.0,0.25,0.75,1.4993504465646441,1.5618184689720327,1.40677337618195,2.2520128668015653,2.584145124824422,0.0,1.0
replay,0.3,mean,51.333333333333336,0.2833333333333333,9.0,0.25,0.75,1.4397394811943272,1.4853936685234548,1.361961624549083,2.0132546617716094,2.19396499746401,0.0,1.0
replay,0.3,median,51.333333333333336,0.2833333333333333,9.0,0.25,0.75,1.571762614389831,1.6436693585029243,1.487829259248031,2.3420073816846676,2.5998515782594107,0.0,1.0
replay,0.3,trimmed_mean,51.333333333333336,0.2833333333333333,9.0,0.25,0.75,1.4464728932644126,1.4930049419999183,1.3667205522149255,2.027135752019147,2.2187949183780744,0.0,1.0
replay,0.4,direct_owa,51.333333333333336,0.2833333333333333,9.0,0.25,0.75,1.5109698311295505,1.5680850301185307,1.424437743929089,2.1676989584558863,2.3775221002300717,0.0,1.0
replay,0.4,fpr_owa,51.333333333333336,0.2833333333333333,9.0,0.25,0.75,1.6027792558319547,1.675963445110781,1.5512216943576846,2.339153731514972,2.5591706879525504,0.9981481481481481,0.5354312031227123
replay,0.4,hampel_filter_then_mean,51.333333333333336,0.2833333333333333,9.0,0.25,0.75,1.497741752944074,1.5596061730208803,1.4063167648358235,2.2425164108982023,2.58515838009372,0.0,1.0
replay,0.4,mean,51.333333333333336,0.2833333333333333,9.0,0.25,0.75,1.4392207277187625,1.4845962101320336,1.3625611427119766,2.008696299432442,2.1966561751002427,0.0,1.0
replay,0.4,median,51.333333333333336,0.2833333333333333,9.0,0.25,0.75,1.5706090851060253,1.6416177134791212,1.489677004171792,2.330003912064782,2.5883953338234327,0.0,1.0
replay,0.4,trimmed_mean,51.333333333333336,0.2833333333333333,9.0,0.25,0.75,1.4459836077252315,1.492238487342513,1.3680464647802848,2.02302637621473,2.2195037300722,0.0,1.0
scaling,0.0,direct_owa,51.333333333333336,0.2833333333333333,9.0,0.25,0.75,1.5167091613174692,1.5749709733340298,1.4031908249644205,2.177884505999744,2.378718829485556,0.0,1.0
scaling,0.0,fpr_owa,51.333333333333336,0.2833333333333333,9.0,0.25,0.75,1.606579391609211,1.6801997503496158,1.5368600265228805,2.3405933502544753,2.572021618562354,1.0239197530864197,0.5346690363491322
scaling,0.0,hampel_filter_then_mean,51.333333333333336,0.2833333333333333,9.0,0.25,0.75,1.5055047030231845,1.5696630017338307,1.3856518620044596,2.261319333582599,2.5928041467653817,0.0,1.0
scaling,0.0,mean,51.333333333333336,0.2833333333333333,9.0,0.25,0.75,1.4444259462255238,1.4908385851158745,1.3474679840612556,2.0223981102851605,2.1983511484575198,0.0,1.0
scaling,0.0,median,51.333333333333336,0.2833333333333333,9.0,0.25,0.75,1.5784847036315741,1.6514589038501226,1.4703870162085872,2.347073763943246,2.601161626559418,0.0,1.0
scaling,0.0,trimmed_mean,51.333333333333336,0.2833333333333333,9.0,0.25,0.75,1.4512606355045279,1.4986154617188123,1.3512922027579792,2.0359384359448196,2.22432909837423,0.0,1.0
scaling,0.1,direct_owa,51.333333333333336,0.2833333333333333,9.0,0.25,0.75,1.5226782506397756,1.581174075884907,1.4095553938714476,2.1871840970689056,2.3918197705916118,0.0,1.0
scaling,0.1,fpr_owa,51.333333333333336,0.2833333333333333,9.0,0.25,0.75,1.6141608954341153,1.6886362892004483,1.5461568928159148,2.3561398023406555,2.590494193693368,1.0151234567901233,0.5352157391070446
scaling,0.1,hampel_filter_then_mean,51.333333333333336,0.2833333333333333,9.0,0.25,0.75,1.5101973791239018,1.5740059682989282,1.392724662154322,2.262572082314921,2.600827288092242,0.0,1.0
scaling,0.1,mean,51.333333333333336,0.2833333333333333,9.0,0.25,0.75,1.4511211919712457,1.4978360486606443,1.3539323940860104,2.0374696601645574,2.2114597488031458,0.0,1.0
scaling,0.1,median,51.333333333333336,0.2833333333333333,9.0,0.25,0.75,1.5843661656444967,1.6575684459010025,1.476475303354358,2.3561600814152395,2.6183537528455783,0.0,1.0
scaling,0.1,trimmed_mean,51.333333333333336,0.2833333333333333,9.0,0.25,0.75,1.4576299036752391,1.5052734193697872,1.3572170482200905,2.0488271125348656,2.236577979630604,0.0,1.0
scaling,0.2,direct_owa,51.333333333333336,0.2833333333333333,9.0,0.25,0.75,1.537910126694152,1.5971702869716797,1.428814739783859,2.2144998576771138,2.4229364880338813,0.0,1.0
scaling,0.2,fpr_owa,51.333333333333336,0.2833333333333333,9.0,0.25,0.75,1.6308512188037019,1.7064893509941426,1.5632316074618748,2.386633389422059,2.625775624684249,1.0049382716049382,0.5360695695514182
scaling,0.2,hampel_filter_then_mean,51.333333333333336,0.2833333333333333,9.0,0.25,0.75,1.5249573491381747,1.58917220671693,1.4107892009112835,2.289662606336562,2.6381996054098034,0.0,1.0
scaling,0.2,mean,51.333333333333336,0.2833333333333333,9.0,0.25,0.75,1.4676726499601225,1.5153386603659467,1.3723995570446201,2.0682530076112555,2.249854841142142,0.0,1.0
scaling,0.2,median,51.333333333333336,0.2833333333333333,9.0,0.25,0.75,1.6012080722635895,1.674945038467372,1.4981706134535882,2.3800787445206595,2.6525008365226728,0.0,1.0
scaling,0.2,trimmed_mean,51.333333333333336,0.2833333333333333,9.0,0.25,0.75,1.4738152419863764,1.5224318535031198,1.374590368049851,2.07930152262835,2.2756917520682154,0.0,1.0
scaling,0.3,direct_owa,51.333333333333336,0.2833333333333333,9.0,0.25,0.75,1.5514709531327386,1.611810424331961,1.4424533914701312,2.2436077293315013,2.4549565240471156,0.0,1.0
scaling,0.3,fpr_owa,51.333333333333336,0.2833333333333333,9.0,0.25,0.75,1.6440663787457654,1.720979248027955,1.5708255465694096,2.4208102227112516,2.6713201631180805,1.0030864197530864,0.5361982323234343
scaling,0.3,hampel_filter_then_mean,51.333333333333336,0.2833333333333333,9.0,0.25,0.75,1.5378309801504144,1.602746591918162,1.4242091988032703,2.308926165989739,2.661688760471262,0.0,1.0
scaling,0.3,mean,51.333333333333336,0.2833333333333333,9.0,0.25,0.75,1.4814736316135364,1.5301336201462452,1.3916584719021277,2.0984092909197676,2.286887584872772,0.0,1.0
scaling,0.3,median,51.333333333333336,0.2833333333333333,9.0,0.25,0.75,1.614924801761953,1.689437692025908,1.50698045389603,2.409320305381468,2.682372396740313,0.0,1.0
scaling,0.3,trimmed_mean,51.333333333333336,0.2833333333333333,9.0,0.25,0.75,1.4876448721125917,1.5372558801032896,1.3935567317605146,2.110584478152898,2.3117574115473647,0.0,1.0
scaling,0.4,direct_owa,51.333333333333336,0.2833333333333333,9.0,0.25,0.75,1.5588367613607221,1.6198302753373013,1.4519758165920569,2.259338785066957,2.469623121324247,0.0,1.0
scaling,0.4,fpr_owa,51.333333333333336,0.2833333333333333,9.0,0.25,0.75,1.651214880599521,1.7289197073138864,1.578789197998269,2.4355217776844054,2.700001812762452,0.9972222222222222,0.5363134533142174
scaling,0.4,hampel_filter_then_mean,51.333333333333336,0.2833333333333333,9.0,0.25,0.75,1.5455521692034782,1.6113833885310596,1.4336023197986763,2.3244450559443477,2.682809702146927,0.0,1.0
scaling,0.4,mean,51.333333333333336,0.2833333333333333,9.0,0.25,0.75,1.4881296140042073,1.5373311704621397,1.4000669853369516,2.112338495244349,2.3046738289083333,0.0,1.0
scaling,0.4,median,51.333333333333336,0.2833333333333333,9.0,0.25,0.75,1.622387754727111,1.6976160813030612,1.5152380524582452,2.423306898699752,2.6922879156315447,0.0,1.0
scaling,0.4,trimmed_mean,51.333333333333336,0.2833333333333333,9.0,0.25,0.75,1.4944962834650726,1.5446457469250956,1.4028417393163792,2.1243322946960994,2.328967793190657,0.0,1.0
spike,0.0,direct_owa,51.333333333333336,0.2833333333333333,9.0,0.25,0.75,1.5167091613174692,1.5749709733340298,1.4031908249644205,2.177884505999744,2.378718829485556,0.0,1.0
spike,0.0,fpr_owa,51.333333333333336,0.2833333333333333,9.0,0.25,0.75,1.606579391609211,1.6801997503496158,1.5368600265228805,2.3405933502544753,2.572021618562354,1.0239197530864197,0.5346690363491322
spike,0.0,hampel_filter_then_mean,51.333333333333336,0.2833333333333333,9.0,0.25,0.75,1.5055047030231845,1.5696630017338307,1.3856518620044596,2.261319333582599,2.5928041467653817,0.0,1.0
spike,0.0,mean,51.333333333333336,0.2833333333333333,9.0,0.25,0.75,1.4444259462255238,1.4908385851158745,1.3474679840612556,2.0223981102851605,2.1983511484575198,0.0,1.0
spike,0.0,median,51.333333333333336,0.2833333333333333,9.0,0.25,0.75,1.5784847036315741,1.6514589038501226,1.4703870162085872,2.347073763943246,2.601161626559418,0.0,1.0
spike,0.0,trimmed_mean,51.333333333333336,0.2833333333333333,9.0,0.25,0.75,1.4512606355045279,1.4986154617188123,1.3512922027579792,2.0359384359448196,2.22432909837423,0.0,1.0
spike,0.1,direct_owa,51.333333333333336,0.2833333333333333,9.0,0.25,0.75,1.4987307967643002,1.5571745641692996,1.4009813495963086,2.1717230871944713,2.397915459435841,0.0,1.0
spike,0.1,fpr_owa,51.333333333333336,0.2833333333333333,9.0,0.25,0.75,1.5714847212806864,1.6417055495482598,1.5130765219045494,2.305931463087281,2.538859396474363,1.154783950617284,0.530225585229974
spike,0.1,hampel_filter_then_mean,51.333333333333336,0.2833333333333333,9.0,0.25,0.75,1.4870861279875645,1.5492096407340148,1.3715432650918686,2.2302472971463185,2.5819476998959567,0.0,1.0
spike,0.1,mean,51.333333333333336,0.2833333333333333,9.0,0.25,0.75,1.4446973505747234,1.5441890381621957,1.3170168004616851,2.420647831748467,2.6842549210090176,0.0,1.0
spike,0.1,median,51.333333333333336,0.2833333333333333,9.0,0.25,0.75,1.5650990537027742,1.6386242258176171,1.4678311494444531,2.3432481830811778,2.615017276203527,0.0,1.0
spike,0.1,trimmed_mean,51.333333333333336,0.2833333333333333,9.0,0.25,0.75,1.438689543528325,1.5191545121046028,1.3293575395940982,2.28541485809813,2.5299707387158636,0.0,1.0
spike,0.2,direct_owa,51.333333333333336,0.2833333333333333,9.0,0.25,0.75,1.464026008369316,1.5340844534311115,1.3780096154816304,2.2012269005018257,2.596314786636978,0.0,1.0
spike,0.2,fpr_owa,51.333333333333336,0.2833333333333333,9.0,0.25,0.75,1.4867348554219457,1.567986071682759,1.426644217712625,2.2893014707245154,2.531091022414958,1.4822530864197532,0.5218638736340823
spike,0.2,hampel_filter_then_mean,51.333333333333336,0.2833333333333333,9.0,0.25,0.75,1.4374060502808996,1.5159019745113396,1.3395459652789004,2.2280389864067183,2.9034192601304993,0.0,1.0
spike,0.2,mean,51.333333333333336,0.2833333333333333,9.0,0.25,0.75,1.5017107490770267,1.704575233751991,1.3081996212972071,3.199336266805434,3.843986889232887,0.0,1.0
spike,0.2,median,51.333333333333336,0.2833333333333333,9.0,0.25,0.75,1.5016375582948542,1.5942228848380717,1.430184827348022,2.3474856622779923,2.668017380153316,0.0,1.0
spike,0.2,trimmed_mean,51.333333333333336,0.2833333333333333,9.0,0.25,0.75,1.4837229748215388,1.686400236824907,1.306884140111647,3.14186042449581,3.735682303449258,0.0,1.0
spike,0.3,direct_owa,51.333333333333336,0.2833333333333333,9.0,0.25,0.75,1.508124258113685,1.662583620252684,1.3496520060137471,2.898023082609806,3.899064044114969,0.0,1.0
spike,0.3,fpr_owa,51.333333333333336,0.2833333333333333,9.0,0.25,0.75,1.5162801825190046,1.73678980461314,1.3578932993320754,3.132824474356193,3.582033283430968,1.7915123456790125,0.5077216266333434
spike,0.3,hampel_filter_then_mean,51.333333333333336,0.2833333333333333,9.0,0.25,0.75,1.4226700332281803,1.5157827590414248,1.3242400323906511,2.214466881455826,3.513828438201049,0.0,1.0
spike,0.3,mean,51.333333333333336,0.2833333333333333,9.0,0.25,0.75,1.594364354925391,1.817253398961265,1.35043730732779,3.5224476533490043,4.817127687601156,0.0,1.0
spike,0.3,median,51.333333333333336,0.2833333333333333,9.0,0.25,0.75,1.4652818262476597,1.5715335584280867,1.4090139086455296,2.354174568447574,2.7980383428694746,0.0,1.0
spike,0.3,trimmed_mean,51.333333333333336,0.2833333333333333,9.0,0.25,0.75,1.5928393391412474,1.8112037887190993,1.340656919186114,3.541336826770905,4.7493215076823345,0.0,1.0
spike,0.4,direct_owa,51.333333333333336,0.2833333333333333,9.0,0.25,0.75,1.5627496514666517,1.7703186247222027,1.3587661242089977,3.31592918893329,4.782723963040297,0.0,1.0
spike,0.4,fpr_owa,51.333333333333336,0.2833333333333333,9.0,0.25,0.75,1.6414007693523145,1.8995404360510268,1.424661528067956,3.6089426776658766,4.339067834569035,1.9049382716049383,0.5087138773514821
spike,0.4,hampel_filter_then_mean,51.333333333333336,0.2833333333333333,9.0,0.25,0.75,1.5051434483750792,1.6603454943120841,1.343851579279091,2.7361852940504026,4.527624916314352,0.0,1.0
spike,0.4,mean,51.333333333333336,0.2833333333333333,9.0,0.25,0.75,1.6184536551149373,1.8676924957815415,1.3523754249608546,3.825504564693472,5.288549279267982,0.0,1.0
spike,0.4,median,51.333333333333336,0.2833333333333333,9.0,0.25,0.75,1.437032963336833,1.5574038670751476,1.3905886706939456,2.3649574106112183,2.886078054113146,0.0,1.0
spike,0.4,trimmed_mean,51.333333333333336,0.2833333333333333,9.0,0.25,0.75,1.6213911702089137,1.8755599657255084,1.3670536646715448,3.89095354303517,5.2461224634125765,0.0,1.0
