scenario,seed,attack_type,attack_ratio,sensor_noise_level,sensors_per_group,alpha,beta,ticks,llm_calls,llm_failures,llm_invocation_rate,llm_failure_rate,verifier_calls,mean_loop_latency_ms,p95_loop_latency_ms,p99_loop_latency_ms,mean_llm_latency_seconds,p95_llm_latency_seconds,unsafe_actions_proposed,unsafe_actions_blocked_by_verifier,unsafe_actions_executed,safe_actions_accepted,deterministic_safe_actions,thermal_sla_violation_rate,mae,rmse,median_absolute_error,p95_absolute_error,max_absolute_error,deadline_ms,deadline_miss_rate
realtime_seed42_bias_0p0_noise0p25_s9_a0p3_b0p8,42,bias,0.0,0.25,9,0.3,0.8,240,217,0,0.9041666666666667,0.0,457,6189.752254947477,7331.553869647905,7443.021628770511,6.845392163349358,7.34488241947256,215,215,0,2,0,0.0,1.7265432730010424,1.7937771837860732,1.6347870467410623,2.443306404915865,2.6370559037383408,100,0.9041666666666667
realtime_seed42_bias_0p0_noise0p25_s9_a0p3_b0p8,42,bias,0.0,0.25,9,0.3,0.8,240,217,0,0.9041666666666667,0.0,457,6189.752254947477,7331.553869647905,7443.021628770511,6.845392163349358,7.34488241947256,215,215,0,2,0,0.0,1.7265432730010424,1.7937771837860732,1.6347870467410623,2.443306404915865,2.6370559037383408,250,0.9041666666666667
realtime_seed42_bias_0p0_noise0p25_s9_a0p3_b0p8,42,bias,0.0,0.25,9,0.3,0.8,240,217,0,0.9041666666666667,0.0,457,6189.752254947477,7331.553869647905,7443.021628770511,6.845392163349358,7.34488241947256,215,215,0,2,0,0.0,1.7265432730010424,1.7937771837860732,1.6347870467410623,2.443306404915865,2.6370559037383408,500,0.9041666666666667
realtime_seed42_bias_0p0_noise0p25_s9_a0p3_b0p8,42,bias,0.0,0.25,9,0.3,0.8,240,217,0,0.9041666666666667,0.0,457,6189.752254947477,7331.553869647905,7443.021628770511,6.845392163349358,7.34488241947256,215,215,0,2,0,0.0,1.7265432730010424,1.7937771837860732,1.6347870467410623,2.443306404915865,2.6370559037383408,1000,0.9041666666666667
realtime_seed42_bias_0p0_noise0p25_s9_a0p3_b0p8,42,bias,0.0,0.25,9,0.3,0.8,240,217,0,0.9041666666666667,0.0,457,6189.752254947477,7331.553869647905,7443.021628770511,6.845392163349358,7.34488241947256,215,215,0,2,0,0.0,1.7265432730010424,1.7937771837860732,1.6347870467410623,2.443306404915865,2.6370559037383408,5000,0.9041666666666667
realtime_seed42_bias_0p0_noise0p25_s13_a0p3_b0p8,42,bias,0.0,0.25,13,0.3,0.8,240,143,0,0.5958333333333333,0.0,383,4171.712213056162,7724.832002248149,7964.728485106024,7.000938979008437,7.810851731756702,124,124,0,19,0,0.0,1.4230427131961676,1.5184860649784044,1.3737965524029805,2.1552212737621694,2.3941881899948596,100,0.5958333333333333
realtime_seed42_bias_0p0_noise0p25_s13_a0p3_b0p8,42,bias,0.0,0.25,13,0.3,0.8,240,143,0,0.5958333333333333,0.0,383,4171.712213056162,7724.832002248149,7964.728485106024,7.000938979008437,7.810851731756702,124,124,0,19,0,0.0,1.4230427131961676,1.5184860649784044,1.3737965524029805,2.1552212737621694,2.3941881899948596,250,0.5958333333333333
realtime_seed42_bias_0p0_noise0p25_s13_a0p3_b0p8,42,bias,0.0,0.25,13,0.3,0.8,240,143,0,0.5958333333333333,0.0,383,4171.712213056162,7724.832002248149,7964.728485106024,7.000938979008437,7.810851731756702,124,124,0,19,0,0.0,1.4230427131961676,1.5184860649784044,1.3737965524029805,2.1552212737621694,2.3941881899948596,500,0.5958333333333333
realtime_seed42_bias_0p0_noise0p25_s13_a0p3_b0p8,42,bias,0.0,0.25,13,0.3,0.8,240,143,0,0.5958333333333333,0.0,383,4171.712213056162,7724.832002248149,7964.728485106024,7.000938979008437,7.810851731756702,124,124,0,19,0,0.0,1.4230427131961676,1.5184860649784044,1.3737965524029805,2.1552212737621694,2.3941881899948596,1000,0.5958333333333333
realtime_seed42_bias_0p0_noise0p25_s13_a0p3_b0p8,42,bias,0.0,0.25,13,0.3,0.8,240,143,0,0.5958333333333333,0.0,383,4171.712213056162,7724.832002248149,7964.728485106024,7.000938979008437,7.810851731756702,124,124,0,19,0,0.0,1.4230427131961676,1.5184860649784044,1.3737965524029805,2.1552212737621694,2.3941881899948596,5000,0.5958333333333333
realtime_seed42_spike_0p0_noise0p25_s9_a0p3_b0p8,42,spike,0.0,0.25,9,0.3,0.8,240,217,0,0.9041666666666667,0.0,457,6207.748884556349,7410.2445219876245,7574.455626907292,6.865287975514359,7.4300273633096365,215,215,0,2,0,0.0,1.7265432730010424,1.7937771837860732,1.6347870467410623,2.443306404915865,2.6370559037383408,100,0.9041666666666667
realtime_seed42_spike_0p0_noise0p25_s9_a0p3_b0p8,42,spike,0.0,0.25,9,0.3,0.8,240,217,0,0.9041666666666667,0.0,457,6207.748884556349,7410.2445219876245,7574.455626907292,6.865287975514359,7.4300273633096365,215,215,0,2,0,0.0,1.7265432730010424,1.7937771837860732,1.6347870467410623,2.443306404915865,2.6370559037383408,250,0.9041666666666667
realtime_seed42_spike_0p0_noise0p25_s9_a0p3_b0p8,42,spike,0.0,0.25,9,0.3,0.8,240,217,0,0.9041666666666667,0.0,457,6207.748884556349,7410.2445219876245,7574.455626907292,6.865287975514359,7.4300273633096365,215,215,0,2,0,0.0,1.7265432730010424,1.7937771837860732,1.6347870467410623,2.443306404915865,2.6370559037383408,500,0.9041666666666667
realtime_seed42_spike_0p0_noise0p25_s9_a0p3_b0p8,42,spike,0.0,0.25,9,0.3,0.8,240,217,0,0.9041666666666667,0.0,457,6207.748884556349,7410.2445219876245,7574.455626907292,6.865287975514359,7.4300273633096365,215,215,0,2,0,0.0,1.7265432730010424,1.7937771837860732,1.6347870467410623,2.443306404915865,2.6370559037383408,1000,0.9041666666666667
realtime_seed42_spike_0p0_noise0p25_s9_a0p3_b0p8,42,spike,0.0,0.25,9,0.3,0.8,240,217,0,0.9041666666666667,0.0,457,6207.748884556349,7410.2445219876245,7574.455626907292,6.865287975514359,7.4300273633096365,215,215,0,2,0,0.0,1.7265432730010424,1.7937771837860732,1.6347870467410623,2.443306404915865,2.6370559037383408,5000,0.9041666666666667
realtime_seed42_spike_0p0_noise0p25_s13_a0p3_b0p8,42,spike,0.0,0.25,13,0.3,0.8,240,143,1,0.5958333333333333,0.006993006993006993,382,4120.555947725856,7388.786610180978,7619.375261419918,6.915080578611851,7.450275450013578,123,123,0,20,0,0.0,1.4230427131961676,1.5184860649784044,1.3737965524029805,2.1552212737621694,2.3941881899948596,100,0.5958333333333333
realtime_seed42_spike_0p0_noise0p25_s13_a0p3_b0p8,42,spike,0.0,0.25,13,0.3,0.8,240,143,1,0.5958333333333333,0.006993006993006993,382,4120.555947725856,7388.786610180978,7619.375261419918,6.915080578611851,7.450275450013578,123,123,0,20,0,0.0,1.4230427131961676,1.5184860649784044,1.3737965524029805,2.1552212737621694,2.3941881899948596,250,0.5958333333333333
realtime_seed42_spike_0p0_noise0p25_s13_a0p3_b0p8,42,spike,0.0,0.25,13,0.3,0.8,240,143,1,0.5958333333333333,0.006993006993006993,382,4120.555947725856,7388.786610180978,7619.375261419918,6.915080578611851,7.450275450013578,123,123,0,20,0,0.0,1.4230427131961676,1.5184860649784044,1.3737965524029805,2.1552212737621694,2.3941881899948596,500,0.5958333333333333
realtime_seed42_spike_0p0_noise0p25_s13_a0p3_b0p8,42,spike,0.0,0.25,13,0.3,0.8,240,143,1,0.5958333333333333,0.006993006993006993,382,4120.555947725856,7388.786610180978,7619.375261419918,6.915080578611851,7.450275450013578,123,123,0,20,0,0.0,1.4230427131961676,1.5184860649784044,1.3737965524029805,2.1552212737621694,2.3941881899948596,1000,0.5958333333333333
realtime_seed42_spike_0p0_noise0p25_s13_a0p3_b0p8,42,spike,0.0,0.25,13,0.3,0.8,240,143,1,0.5958333333333333,0.006993006993006993,382,4120.555947725856,7388.786610180978,7619.375261419918,6.915080578611851,7.450275450013578,123,123,0,20,0,0.0,1.4230427131961676,1.5184860649784044,1.3737965524029805,2.1552212737621694,2.3941881899948596,5000,0.5958333333333333
realtime_seed42_mixed_0p0_noise0p25_s9_a0p3_b0p8,42,mixed,0.0,0.25,9,0.3,0.8,240,217,0,0.9041666666666667,0.0,457,6260.811703011859,7416.492896177806,7706.40433186432,6.923981794382527,7.427274139225482,212,212,0,5,0,0.0,1.7265432730010424,1.7937771837860732,1.6347870467410623,2.443306404915865,2.6370559037383408,100,0.9041666666666667
realtime_seed42_mixed_0p0_noise0p25_s9_a0p3_b0p8,42,mixed,0.0,0.25,9,0.3,0.8,240,217,0,0.9041666666666667,0.0,457,6260.811703011859,7416.492896177806,7706.40433186432,6.923981794382527,7.427274139225482,212,212,0,5,0,0.0,1.7265432730010424,1.7937771837860732,1.6347870467410623,2.443306404915865,2.6370559037383408,250,0.9041666666666667
realtime_seed42_mixed_0p0_noise0p25_s9_a0p3_b0p8,42,mixed,0.0,0.25,9,0.3,0.8,240,217,0,0.9041666666666667,0.0,457,6260.811703011859,7416.492896177806,7706.40433186432,6.923981794382527,7.427274139225482,212,212,0,5,0,0.0,1.7265432730010424,1.7937771837860732,1.6347870467410623,2.443306404915865,2.6370559037383408,500,0.9041666666666667
realtime_seed42_mixed_0p0_noise0p25_s9_a0p3_b0p8,42,mixed,0.0,0.25,9,0.3,0.8,240,217,0,0.9041666666666667,0.0,457,6260.811703011859,7416.492896177806,7706.40433186432,6.923981794382527,7.427274139225482,212,212,0,5,0,0.0,1.7265432730010424,1.7937771837860732,1.6347870467410623,2.443306404915865,2.6370559037383408,1000,0.9041666666666667
realtime_seed42_mixed_0p0_noise0p25_s9_a0p3_b0p8,42,mixed,0.0,0.25,9,0.3,0.8,240,217,0,0.9041666666666667,0.0,457,6260.811703011859,7416.492896177806,7706.40433186432,6.923981794382527,7.427274139225482,212,212,0,5,0,0.0,1.7265432730010424,1.7937771837860732,1.6347870467410623,2.443306404915865,2.6370559037383408,5000,0.9041666666666667
realtime_seed42_mixed_0p0_noise0p25_s13_a0p3_b0p8,42,mixed,0.0,0.25,13,0.3,0.8,240,143,0,0.5958333333333333,0.0,383,4111.268068642433,7396.799248096067,7489.715366987511,6.899482816685694,7.425620863959193,126,126,0,17,0,0.0,1.4230427131961676,1.5184860649784044,1.3737965524029805,2.1552212737621694,2.3941881899948596,100,0.5958333333333333
realtime_seed42_mixed_0p0_noise0p25_s13_a0p3_b0p8,42,mixed,0.0,0.25,13,0.3,0.8,240,143,0,0.5958333333333333,0.0,383,4111.268068642433,7396.799248096067,7489.715366987511,6.899482816685694,7.425620863959193,126,126,0,17,0,0.0,1.4230427131961676,1.5184860649784044,1.3737965524029805,2.1552212737621694,2.3941881899948596,250,0.5958333333333333
realtime_seed42_mixed_0p0_noise0p25_s13_a0p3_b0p8,42,mixed,0.0,0.25,13,0.3,0.8,240,143,0,0.5958333333333333,0.0,383,4111.268068642433,7396.799248096067,7489.715366987511,6.899482816685694,7.425620863959193,126,126,0,17,0,0.0,1.4230427131961676,1.5184860649784044,1.3737965524029805,2.1552212737621694,2.3941881899948596,500,0.5958333333333333
realtime_seed42_mixed_0p0_noise0p25_s13_a0p3_b0p8,42,mixed,0.0,0.25,13,0.3,0.8,240,143,0,0.5958333333333333,0.0,383,4111.268068642433,7396.799248096067,7489.715366987511,6.899482816685694,7.425620863959193,126,126,0,17,0,0.0,1.4230427131961676,1.5184860649784044,1.3737965524029805,2.1552212737621694,2.3941881899948596,1000,0.5958333333333333
realtime_seed42_mixed_0p0_noise0p25_s13_a0p3_b0p8,42,mixed,0.0,0.25,13,0.3,0.8,240,143,0,0.5958333333333333,0.0,383,4111.268068642433,7396.799248096067,7489.715366987511,6.899482816685694,7.425620863959193,126,126,0,17,0,0.0,1.4230427131961676,1.5184860649784044,1.3737965524029805,2.1552212737621694,2.3941881899948596,5000,0.5958333333333333
realtime_seed42_bias_0p2_noise0p25_s9_a0p3_b0p8,42,bias,0.2,0.25,9,0.3,0.8,240,227,0,0.9458333333333333,0.0,467,6634.656171867391,7419.596790301148,7545.185485496186,7.01420813499917,7.431341001600958,226,226,0,1,0,0.0,1.6519447626896653,1.71407533242696,1.5856449483027837,2.4355428146346245,2.6575992547801897,100,0.9458333333333333
realtime_seed42_bias_0p2_noise0p25_s9_a0p3_b0p8,42,bias,0.2,0.25,9,0.3,0.8,240,227,0,0.9458333333333333,0.0,467,6634.656171867391,7419.596790301148,7545.185485496186,7.01420813499917,7.431341001600958,226,226,0,1,0,0.0,1.6519447626896653,1.71407533242696,1.5856449483027837,2.4355428146346245,2.6575992547801897,250,0.9458333333333333
realtime_seed42_bias_0p2_noise0p25_s9_a0p3_b0p8,42,bias,0.2,0.25,9,0.3,0.8,240,227,0,0.9458333333333333,0.0,467,6634.656171867391,7419.596790301148,7545.185485496186,7.01420813499917,7.431341001600958,226,226,0,1,0,0.0,1.6519447626896653,1.71407533242696,1.5856449483027837,2.4355428146346245,2.6575992547801897,500,0.9458333333333333
realtime_seed42_bias_0p2_noise0p25_s9_a0p3_b0p8,42,bias,0.2,0.25,9,0.3,0.8,240,227,0,0.9458333333333333,0.0,467,6634.656171867391,7419.596790301148,7545.185485496186,7.01420813499917,7.431341001600958,226,226,0,1,0,0.0,1.6519447626896653,1.71407533242696,1.5856449483027837,2.4355428146346245,2.6575992547801897,1000,0.9458333333333333
realtime_seed42_bias_0p2_noise0p25_s9_a0p3_b0p8,42,bias,0.2,0.25,9,0.3,0.8,240,227,0,0.9458333333333333,0.0,467,6634.656171867391,7419.596790301148,7545.185485496186,7.01420813499917,7.431341001600958,226,226,0,1,0,0.0,1.6519447626896653,1.71407533242696,1.5856449483027837,2.4355428146346245,2.6575992547801897,5000,0.9458333333333333
realtime_seed42_bias_0p2_noise0p25_s13_a0p3_b0p8,42,bias,0.2,0.25,13,0.3,0.8,240,137,1,0.5708333333333333,0.0072992700729927005,376,4053.6485481396085,7584.372968471143,7893.0446720146565,7.100718587669238,7.745310450997204,129,129,0,8,0,0.0,1.1398680807147517,1.2417200639263193,1.0143837436237337,2.0807052266070976,2.3160698962521193,100,0.5708333333333333
realtime_seed42_bias_0p2_noise0p25_s13_a0p3_b0p8,42,bias,0.2,0.25,13,0.3,0.8,240,137,1,0.5708333333333333,0.0072992700729927005,376,4053.6485481396085,7584.372968471143,7893.0446720146565,7.100718587669238,7.745310450997204,129,129,0,8,0,0.0,1.1398680807147517,1.2417200639263193,1.0143837436237337,2.0807052266070976,2.3160698962521193,250,0.5708333333333333
realtime_seed42_bias_0p2_noise0p25_s13_a0p3_b0p8,42,bias,0.2,0.25,13,0.3,0.8,240,137,1,0.5708333333333333,0.0072992700729927005,376,4053.6485481396085,7584.372968471143,7893.0446720146565,7.100718587669238,7.745310450997204,129,129,0,8,0,0.0,1.1398680807147517,1.2417200639263193,1.0143837436237337,2.0807052266070976,2.3160698962521193,500,0.5708333333333333
realtime_seed42_bias_0p2_noise0p25_s13_a0p3_b0p8,42,bias,0.2,0.25,13,0.3,0.8,240,137,1,0.5708333333333333,0.0072992700729927005,376,4053.6485481396085,7584.372968471143,7893.0446720146565,7.100718587669238,7.745310450997204,129,129,0,8,0,0.0,1.1398680807147517,1.2417200639263193,1.0143837436237337,2.0807052266070976,2.3160698962521193,1000,0.5708333333333333
realtime_seed42_bias_0p2_noise0p25_s13_a0p3_b0p8,42,bias,0.2,0.25,13,0.3,0.8,240,137,1,0.5708333333333333,0.0072992700729927005,376,4053.6485481396085,7584.372968471143,7893.0446720146565,7.100718587669238,7.745310450997204,129,129,0,8,0,0.0,1.1398680807147517,1.2417200639263193,1.0143837436237337,2.0807052266070976,2.3160698962521193,5000,0.5708333333333333
realtime_seed42_spike_0p2_noise0p25_s9_a0p3_b0p8,42,spike,0.2,0.25,9,0.3,0.8,240,227,0,0.9458333333333333,0.0,467,6630.388223278957,7444.85410717316,7577.956592685076,7.009698299709544,7.451437274017371,227,227,0,0,0,0.0,1.6743648468812207,1.735642796876394,1.6011247173137466,2.432410690338058,2.6370559037383408,100,0.9458333333333333
realtime_seed42_spike_0p2_noise0p25_s9_a0p3_b0p8,42,spike,0.2,0.25,9,0.3,0.8,240,227,0,0.9458333333333333,0.0,467,6630.388223278957,7444.85410717316,7577.956592685076,7.009698299709544,7.451437274017371,227,227,0,0,0,0.0,1.6743648468812207,1.735642796876394,1.6011247173137466,2.432410690338058,2.6370559037383408,250,0.9458333333333333
realtime_seed42_spike_0p2_noise0p25_s9_a0p3_b0p8,42,spike,0.2,0.25,9,0.3,0.8,240,227,0,0.9458333333333333,0.0,467,6630.388223278957,7444.85410717316,7577.956592685076,7.009698299709544,7.451437274017371,227,227,0,0,0,0.0,1.6743648468812207,1.735642796876394,1.6011247173137466,2.432410690338058,2.6370559037383408,500,0.9458333333333333
realtime_seed42_spike_0p2_noise0p25_s9_a0p3_b0p8,42,spike,0.2,0.25,9,0.3,0.8,240,227,0,0.9458333333333333,0.0,467,6630.388223278957,7444.85410717316,7577.956592685076,7.009698299709544,7.451437274017371,227,227,0,0,0,0.0,1.6743648468812207,1.735642796876394,1.6011247173137466,2.432410690338058,2.6370559037383408,1000,0.9458333333333333
realtime_seed42_spike_0p2_noise0p25_s9_a0p3_b0p8,42,spike,0.2,0.25,9,0.3,0.8,240,227,0,0.9458333333333333,0.0,467,6630.388223278957,7444.85410717316,7577.956592685076,7.009698299709544,7.451437274017371,227,227,0,0,0,0.0,1.6743648468812207,1.735642796876394,1.6011247173137466,2.432410690338058,2.6370559037383408,5000,0.9458333333333333
realtime_seed42_spike_0p2_noise0p25_s13_a0p3_b0p8,42,spike,0.2,0.25,13,0.3,0.8,240,168,0,0.7,0.0,408,4963.280267890271,7470.056362228934,7592.164791284595,7.08992474857812,7.494658820377663,160,160,0,8,0,0.0,1.182196317933605,1.277341439913084,1.075933659455715,2.0807052266070976,2.3160698962521193,100,0.7
realtime_seed42_spike_0p2_noise0p25_s13_a0p3_b0p8,42,spike,0.2,0.25,13,0.3,0.8,240,168,0,0.7,0.0,408,4963.280267890271,7470.056362228934,7592.164791284595,7.08992474857812,7.494658820377663,160,160,0,8,0,0.0,1.182196317933605,1.277341439913084,1.075933659455715,2.0807052266070976,2.3160698962521193,250,0.7
realtime_seed42_spike_0p2_noise0p25_s13_a0p3_b0p8,42,spike,0.2,0.25,13,0.3,0.8,240,168,0,0.7,0.0,408,4963.280267890271,7470.056362228934,7592.164791284595,7.08992474857812,7.494658820377663,160,160,0,8,0,0.0,1.182196317933605,1.277341439913084,1.075933659455715,2.0807052266070976,2.3160698962521193,500,0.7
realtime_seed42_spike_0p2_noise0p25_s13_a0p3_b0p8,42,spike,0.2,0.25,13,0.3,0.8,240,168,0,0.7,0.0,408,4963.280267890271,7470.056362228934,7592.164791284595,7.08992474857812,7.494658820377663,160,160,0,8,0,0.0,1.182196317933605,1.277341439913084,1.075933659455715,2.0807052266070976,2.3160698962521193,1000,0.7
realtime_seed42_spike_0p2_noise0p25_s13_a0p3_b0p8,42,spike,0.2,0.25,13,0.3,0.8,240,168,0,0.7,0.0,408,4963.280267890271,7470.056362228934,7592.164791284595,7.08992474857812,7.494658820377663,160,160,0,8,0,0.0,1.182196317933605,1.277341439913084,1.075933659455715,2.0807052266070976,2.3160698962521193,5000,0.7
realtime_seed42_mixed_0p2_noise0p25_s9_a0p3_b0p8,42,mixed,0.2,0.25,9,0.3,0.8,240,218,0,0.9083333333333333,0.0,458,6363.10798280368,7525.5426621064535,7867.665109508669,7.0048462184789,7.552663318754639,218,218,0,0,0,0.0,1.7016407875944528,1.766250592081512,1.6201642831781293,2.4517149067381925,2.6370559037383408,100,0.9083333333333333
realtime_seed42_mixed_0p2_noise0p25_s9_a0p3_b0p8,42,mixed,0.2,0.25,9,0.3,0.8,240,218,0,0.9083333333333333,0.0,458,6363.10798280368,7525.5426621064535,7867.665109508669,7.0048462184789,7.552663318754639,218,218,0,0,0,0.0,1.7016407875944528,1.766250592081512,1.6201642831781293,2.4517149067381925,2.6370559037383408,250,0.9083333333333333
realtime_seed42_mixed_0p2_noise0p25_s9_a0p3_b0p8,42,mixed,0.2,0.25,9,0.3,0.8,240,218,0,0.9083333333333333,0.0,458,6363.10798280368,7525.5426621064535,7867.665109508669,7.0048462184789,7.552663318754639,218,218,0,0,0,0.0,1.7016407875944528,1.766250592081512,1.6201642831781293,2.4517149067381925,2.6370559037383408,500,0.9083333333333333
realtime_seed42_mixed_0p2_noise0p25_s9_a0p3_b0p8,42,mixed,0.2,0.25,9,0.3,0.8,240,218,0,0.9083333333333333,0.0,458,6363.10798280368,7525.5426621064535,7867.665109508669,7.0048462184789,7.552663318754639,218,218,0,0,0,0.0,1.7016407875944528,1.766250592081512,1.6201642831781293,2.4517149067381925,2.6370559037383408,1000,0.9083333333333333
realtime_seed42_mixed_0p2_noise0p25_s9_a0p3_b0p8,42,mixed,0.2,0.25,9,0.3,0.8,240,218,0,0.9083333333333333,0.0,458,6363.10798280368,7525.5426621064535,7867.665109508669,7.0048462184789,7.552663318754639,218,218,0,0,0,0.0,1.7016407875944528,1.766250592081512,1.6201642831781293,2.4517149067381925,2.6370559037383408,5000,0.9083333333333333
realtime_seed42_mixed_0p2_noise0p25_s13_a0p3_b0p8,42,mixed,0.2,0.25,13,0.3,0.8,240,136,0,0.5666666666666667,0.0,376,3944.3073213721314,7400.686496892013,7546.119184000418,6.960005745909738,7.473402184958104,125,125,0,11,0,0.0,1.3230616432843012,1.4257413056386081,1.1628032549821747,2.1987784047229533,2.5195373866827215,100,0.5666666666666667
realtime_seed42_mixed_0p2_noise0p25_s13_a0p3_b0p8,42,mixed,0.2,0.25,13,0.3,0.8,240,136,0,0.5666666666666667,0.0,376,3944.3073213721314,7400.686496892013,7546.119184000418,6.960005745909738,7.473402184958104,125,125,0,11,0,0.0,1.3230616432843012,1.4257413056386081,1.1628032549821747,2.1987784047229533,2.5195373866827215,250,0.5666666666666667
realtime_seed42_mixed_0p2_noise0p25_s13_a0p3_b0p8,42,mixed,0.2,0.25,13,0.3,0.8,240,136,0,0.5666666666666667,0.0,376,3944.3073213721314,7400.686496892013,7546.119184000418,6.960005745909738,7.473402184958104,125,125,0,11,0,0.0,1.3230616432843012,1.4257413056386081,1.1628032549821747,2.1987784047229533,2.5195373866827215,500,0.5666666666666667
realtime_seed42_mixed_0p2_noise0p25_s13_a0p3_b0p8,42,mixed,0.2,0.25,13,0.3,0.8,240,136,0,0.5666666666666667,0.0,376,3944.3073213721314,7400.686496892013,7546.119184000418,6.960005745909738,7.473402184958104,125,125,0,11,0,0.0,1.3230616432843012,1.4257413056386081,1.1628032549821747,2.1987784047229533,2.5195373866827215,1000,0.5666666666666667
realtime_seed42_mixed_0p2_noise0p25_s13_a0p3_b0p8,42,mixed,0.2,0.25,13,0.3,0.8,240,136,0,0.5666666666666667,0.0,376,3944.3073213721314,7400.686496892013,7546.119184000418,6.960005745909738,7.473402184958104,125,125,0,11,0,0.0,1.3230616432843012,1.4257413056386081,1.1628032549821747,2.1987784047229533,2.5195373866827215,5000,0.5666666666666667
realtime_seed42_bias_0p4_noise0p25_s9_a0p3_b0p8,42,bias,0.4,0.25,9,0.3,0.8,240,147,0,0.6125,0.0,387,4184.815103963289,7299.012753705028,7430.758224136661,6.831852074387819,7.3602467985823745,142,142,0,5,0,0.0,1.9623300289149757,2.059186234116698,1.9251201010377446,2.8302559515174237,4.267086917439823,100,0.6125
realtime_seed42_bias_0p4_noise0p25_s9_a0p3_b0p8,42,bias,0.4,0.25,9,0.3,0.8,240,147,0,0.6125,0.0,387,4184.815103963289,7299.012753705028,7430.758224136661,6.831852074387819,7.3602467985823745,142,142,0,5,0,0.0,1.9623300289149757,2.059186234116698,1.9251201010377446,2.8302559515174237,4.267086917439823,250,0.6125
realtime_seed42_bias_0p4_noise0p25_s9_a0p3_b0p8,42,bias,0.4,0.25,9,0.3,0.8,240,147,0,0.6125,0.0,387,4184.815103963289,7299.012753705028,7430.758224136661,6.831852074387819,7.3602467985823745,142,142,0,5,0,0.0,1.9623300289149757,2.059186234116698,1.9251201010377446,2.8302559515174237,4.267086917439823,500,0.6125
realtime_seed42_bias_0p4_noise0p25_s9_a0p3_b0p8,42,bias,0.4,0.25,9,0.3,0.8,240,147,0,0.6125,0.0,387,4184.815103963289,7299.012753705028,7430.758224136661,6.831852074387819,7.3602467985823745,142,142,0,5,0,0.0,1.9623300289149757,2.059186234116698,1.9251201010377446,2.8302559515174237,4.267086917439823,1000,0.6125
realtime_seed42_bias_0p4_noise0p25_s9_a0p3_b0p8,42,bias,0.4,0.25,9,0.3,0.8,240,147,0,0.6125,0.0,387,4184.815103963289,7299.012753705028,7430.758224136661,6.831852074387819,7.3602467985823745,142,142,0,5,0,0.0,1.9623300289149757,2.059186234116698,1.9251201010377446,2.8302559515174237,4.267086917439823,5000,0.6125
realtime_seed42_bias_0p4_noise0p25_s13_a0p3_b0p8,42,bias,0.4,0.25,13,0.3,0.8,240,147,0,0.6125,0.0,387,4341.177584058217,7793.945466342848,7943.049568934365,7.087107154833736,7.819041876774281,119,119,0,28,0,0.0,1.2501219017221905,1.3255150171930776,1.1129026846104064,2.0885863594246055,2.3160698962521193,100,0.6125
realtime_seed42_bias_0p4_noise0p25_s13_a0p3_b0p8,42,bias,0.4,0.25,13,0.3,0.8,240,147,0,0.6125,0.0,387,4341.177584058217,7793.945466342848,7943.049568934365,7.087107154833736,7.819041876774281,119,119,0,28,0,0.0,1.2501219017221905,1.3255150171930776,1.1129026846104064,2.0885863594246055,2.3160698962521193,250,0.6125
realtime_seed42_bias_0p4_noise0p25_s13_a0p3_b0p8,42,bias,0.4,0.25,13,0.3,0.8,240,147,0,0.6125,0.0,387,4341.177584058217,7793.945466342848,7943.049568934365,7.087107154833736,7.819041876774281,119,119,0,28,0,0.0,1.2501219017221905,1.3255150171930776,1.1129026846104064,2.0885863594246055,2.3160698962521193,500,0.6125
realtime_seed42_bias_0p4_noise0p25_s13_a0p3_b0p8,42,bias,0.4,0.25,13,0.3,0.8,240,147,0,0.6125,0.0,387,4341.177584058217,7793.945466342848,7943.049568934365,7.087107154833736,7.819041876774281,119,119,0,28,0,0.0,1.2501219017221905,1.3255150171930776,1.1129026846104064,2.0885863594246055,2.3160698962521193,1000,0.6125
realtime_seed42_bias_0p4_noise0p25_s13_a0p3_b0p8,42,bias,0.4,0.25,13,0.3,0.8,240,147,0,0.6125,0.0,387,4341.177584058217,7793.945466342848,7943.049568934365,7.087107154833736,7.819041876774281,119,119,0,28,0,0.0,1.2501219017221905,1.3255150171930776,1.1129026846104064,2.0885863594246055,2.3160698962521193,5000,0.6125
realtime_seed42_spike_0p4_noise0p25_s9_a0p3_b0p8,42,spike,0.4,0.25,9,0.3,0.8,240,225,6,0.9375,0.02666666666666667,459,6525.667030807624,7412.740234029479,7512.194641116075,6.960308645734977,7.412911900877953,224,224,0,1,0,0.0,1.7554658747357919,2.0189587861583194,1.4855610792397242,3.822209978411624,4.224359902239902,100,0.9375
realtime_seed42_spike_0p4_noise0p25_s9_a0p3_b0p8,42,spike,0.4,0.25,9,0.3,0.8,240,225,6,0.9375,0.02666666666666667,459,6525.667030807624,7412.740234029479,7512.194641116075,6.960308645734977,7.412911900877953,224,224,0,1,0,0.0,1.7554658747357919,2.0189587861583194,1.4855610792397242,3.822209978411624,4.224359902239902,250,0.9375
realtime_seed42_spike_0p4_noise0p25_s9_a0p3_b0p8,42,spike,0.4,0.25,9,0.3,0.8,240,225,6,0.9375,0.02666666666666667,459,6525.667030807624,7412.740234029479,7512.194641116075,6.960308645734977,7.412911900877953,224,224,0,1,0,0.0,1.7554658747357919,2.0189587861583194,1.4855610792397242,3.822209978411624,4.224359902239902,500,0.9375
realtime_seed42_spike_0p4_noise0p25_s9_a0p3_b0p8,42,spike,0.4,0.25,9,0.3,0.8,240,225,6,0.9375,0.02666666666666667,459,6525.667030807624,7412.740234029479,7512.194641116075,6.960308645734977,7.412911900877953,224,224,0,1,0,0.0,1.7554658747357919,2.0189587861583194,1.4855610792397242,3.822209978411624,4.224359902239902,1000,0.9375
realtime_seed42_spike_0p4_noise0p25_s9_a0p3_b0p8,42,spike,0.4,0.25,9,0.3,0.8,240,225,6,0.9375,0.02666666666666667,459,6525.667030807624,7412.740234029479,7512.194641116075,6.960308645734977,7.412911900877953,224,224,0,1,0,0.0,1.7554658747357919,2.0189587861583194,1.4855610792397242,3.822209978411624,4.224359902239902,5000,0.9375
realtime_seed42_spike_0p4_noise0p25_s13_a0p3_b0p8,42,spike,0.4,0.25,13,0.3,0.8,240,169,19,0.7041666666666667,0.11242603550295859,390,4925.284592834457,7371.2702677352345,7524.393411865457,6.9940027301502825,7.428259398927912,163,163,0,6,0,0.0,0.9657879677804501,1.178661233439842,0.9607226800014851,2.0807052266070976,2.3160698962521193,100,0.7041666666666667
realtime_seed42_spike_0p4_noise0p25_s13_a0p3_b0p8,42,spike,0.4,0.25,13,0.3,0.8,240,169,19,0.7041666666666667,0.11242603550295859,390,4925.284592834457,7371.2702677352345,7524.393411865457,6.9940027301502825,7.428259398927912,163,163,0,6,0,0.0,0.9657879677804501,1.178661233439842,0.9607226800014851,2.0807052266070976,2.3160698962521193,250,0.7041666666666667
realtime_seed42_spike_0p4_noise0p25_s13_a0p3_b0p8,42,spike,0.4,0.25,13,0.3,0.8,240,169,19,0.7041666666666667,0.11242603550295859,390,4925.284592834457,7371.2702677352345,7524.393411865457,6.9940027301502825,7.428259398927912,163,163,0,6,0,0.0,0.9657879677804501,1.178661233439842,0.9607226800014851,2.0807052266070976,2.3160698962521193,500,0.7041666666666667
realtime_seed42_spike_0p4_noise0p25_s13_a0p3_b0p8,42,spike,0.4,0.25,13,0.3,0.8,240,169,19,0.7041666666666667,0.11242603550295859,390,4925.284592834457,7371.2702677352345,7524.393411865457,6.9940027301502825,7.428259398927912,163,163,0,6,0,0.0,0.9657879677804501,1.178661233439842,0.9607226800014851,2.0807052266070976,2.3160698962521193,1000,0.7041666666666667
realtime_seed42_spike_0p4_noise0p25_s13_a0p3_b0p8,42,spike,0.4,0.25,13,0.3,0.8,240,169,19,0.7041666666666667,0.11242603550295859,390,4925.284592834457,7371.2702677352345,7524.393411865457,6.9940027301502825,7.428259398927912,163,163,0,6,0,0.0,0.9657879677804501,1.178661233439842,0.9607226800014851,2.0807052266070976,2.3160698962521193,5000,0.7041666666666667
realtime_seed42_mixed_0p4_noise0p25_s9_a0p3_b0p8,42,mixed,0.4,0.25,9,0.3,0.8,240,198,4,0.825,0.020202020202020204,434,5728.510831243087,7572.4660077365115,7868.997738857287,6.943205914260218,7.643921807769219,197,197,0,1,0,0.0,1.7904612363615797,1.9126853283602498,1.6193992524432932,2.7195115430690673,3.9482953775051586,100,0.825
realtime_seed42_mixed_0p4_noise0p25_s9_a0p3_b0p8,42,mixed,0.4,0.25,9,0.3,0.8,240,198,4,0.825,0.020202020202020204,434,5728.510831243087,7572.4660077365115,7868.997738857287,6.943205914260218,7.643921807769219,197,197,0,1,0,0.0,1.7904612363615797,1.9126853283602498,1.6193992524432932,2.7195115430690673,3.9482953775051586,250,0.825
realtime_seed42_mixed_0p4_noise0p25_s9_a0p3_b0p8,42,mixed,0.4,0.25,9,0.3,0.8,240,198,4,0.825,0.020202020202020204,434,5728.510831243087,7572.4660077365115,7868.997738857287,6.943205914260218,7.643921807769219,197,197,0,1,0,0.0,1.7904612363615797,1.9126853283602498,1.6193992524432932,2.7195115430690673,3.9482953775051586,500,0.825
realtime_seed42_mixed_0p4_noise0p25_s9_a0p3_b0p8,42,mixed,0.4,0.25,9,0.3,0.8,240,198,4,0.825,0.020202020202020204,434,5728.510831243087,7572.4660077365115,7868.997738857287,6.943205914260218,7.643921807769219,197,197,0,1,0,0.0,1.7904612363615797,1.9126853283602498,1.6193992524432932,2.7195115430690673,3.9482953775051586,1000,0.825
realtime_seed42_mixed_0p4_noise0p25_s9_a0p3_b0p8,42,mixed,0.4,0.25,9,0.3,0.8,240,198,4,0.825,0.020202020202020204,434,5728.510831243087,7572.4660077365115,7868.997738857287,6.943205914260218,7.643921807769219,197,197,0,1,0,0.0,1.7904612363615797,1.9126853283602498,1.6193992524432932,2.7195115430690673,3.9482953775051586,5000,0.825
realtime_seed42_mixed_0p4_noise0p25_s13_a0p3_b0p8,42,mixed,0.4,0.25,13,0.3,0.8,240,144,3,0.6,0.020833333333333332,381,4147.914881446438,7353.3162466133945,7515.757718039677,6.912659741689115,7.38923832954606,128,128,0,16,0,0.0,1.3154022483766736,1.4374076804042275,1.2027590897566844,2.233603979834809,2.5459211967397035,100,0.6
realtime_seed42_mixed_0p4_noise0p25_s13_a0p3_b0p8,42,mixed,0.4,0.25,13,0.3,0.8,240,144,3,0.6,0.020833333333333332,381,4147.914881446438,7353.3162466133945,7515.757718039677,6.912659741689115,7.38923832954606,128,128,0,16,0,0.0,1.3154022483766736,1.4374076804042275,1.2027590897566844,2.233603979834809,2.5459211967397035,250,0.6
realtime_seed42_mixed_0p4_noise0p25_s13_a0p3_b0p8,42,mixed,0.4,0.25,13,0.3,0.8,240,144,3,0.6,0.020833333333333332,381,4147.914881446438,7353.3162466133945,7515.757718039677,6.912659741689115,7.38923832954606,128,128,0,16,0,0.0,1.3154022483766736,1.4374076804042275,1.2027590897566844,2.233603979834809,2.5459211967397035,500,0.6
realtime_seed42_mixed_0p4_noise0p25_s13_a0p3_b0p8,42,mixed,0.4,0.25,13,0.3,0.8,240,144,3,0.6,0.020833333333333332,381,4147.914881446438,7353.3162466133945,7515.757718039677,6.912659741689115,7.38923832954606,128,128,0,16,0,0.0,1.3154022483766736,1.4374076804042275,1.2027590897566844,2.233603979834809,2.5459211967397035,1000,0.6
realtime_seed42_mixed_0p4_noise0p25_s13_a0p3_b0p8,42,mixed,0.4,0.25,13,0.3,0.8,240,144,3,0.6,0.020833333333333332,381,4147.914881446438,7353.3162466133945,7515.757718039677,6.912659741689115,7.38923832954606,128,128,0,16,0,0.0,1.3154022483766736,1.4374076804042275,1.2027590897566844,2.233603979834809,2.5459211967397035,5000,0.6
