scenario,suite,seed,attack_type,attack_ratio,sensor_noise_level,sensors_per_group,alpha,beta,method,mae,rmse,median_absolute_error,p95_absolute_error,max_absolute_error
full_seed101_bias_0p0_noise0p1_s13_a0p2_b0p7,full,101,bias,0.0,0.1,13,0.2,0.7,fpr_owa,1.2005996835464345,1.2492934636752335,1.1936329513941824,1.6485568056889095,1.7438379620698026
full_seed101_bias_0p0_noise0p1_s13_a0p2_b0p7,full,101,bias,0.0,0.1,13,0.2,0.7,crp,1.3776757763477379,1.5389071433727644,1.1576873213253656,2.471100822535753,2.685355914610005
full_seed101_bias_0p0_noise0p1_s5_a0p2_b0p7,full,101,bias,0.0,0.1,5,0.2,0.7,fpr_owa,1.767117669704048,1.8354108405671965,1.6600840900874871,2.4665471628706577,2.623309323256321
full_seed101_bias_0p0_noise0p1_s5_a0p2_b0p7,full,101,bias,0.0,0.1,5,0.2,0.7,crp,1.7556483115542234,1.8242796688516187,1.6580754871331331,2.4777751377541906,2.623309323256321
full_seed101_bias_0p0_noise0p1_s9_a0p2_b0p7,full,101,bias,0.0,0.1,9,0.2,0.7,fpr_owa,1.7649217452909671,1.8188107961041777,1.6358181714411566,2.402411083444426,2.5208303773184952
full_seed101_bias_0p0_noise0p1_s9_a0p2_b0p7,full,101,bias,0.0,0.1,9,0.2,0.7,crp,1.7857010574779801,1.849875577448911,1.6493788103521536,2.4654482356840557,2.610549938187463
full_seed101_bias_0p0_noise0p25_s13_a0p2_b0p7,full,101,bias,0.0,0.25,13,0.2,0.7,fpr_owa,1.236562460285135,1.2956308708465365,1.2044535377120542,1.8210582388228396,1.93807001433504
full_seed101_bias_0p0_noise0p25_s13_a0p2_b0p7,full,101,bias,0.0,0.25,13,0.2,0.7,crp,1.4966177798957863,1.6525268913334126,1.3129823814058186,2.5010061756484956,2.742734601214676
full_seed101_bias_0p0_noise0p25_s5_a0p2_b0p7,full,101,bias,0.0,0.25,5,0.2,0.7,fpr_owa,1.7336143413815548,1.8099001257236493,1.6922920438569657,2.55417172044426,2.7327033676123493
full_seed101_bias_0p0_noise0p25_s5_a0p2_b0p7,full,101,bias,0.0,0.25,5,0.2,0.7,crp,1.7307604686881044,1.806818791048763,1.6744679092833215,2.575937309030686,2.69845746417831
full_seed101_bias_0p0_noise0p25_s9_a0p2_b0p7,full,101,bias,0.0,0.25,9,0.2,0.7,fpr_owa,1.7298027951227695,1.795488778870893,1.6024240184477152,2.4398284480022494,2.632631395399988
full_seed101_bias_0p0_noise0p25_s9_a0p2_b0p7,full,101,bias,0.0,0.25,9,0.2,0.7,crp,1.7433462334745409,1.8162933133109247,1.6347671946903122,2.504101744020246,2.856593945740495
full_seed101_bias_0p0_noise0p5_s13_a0p2_b0p7,full,101,bias,0.0,0.5,13,0.2,0.7,fpr_owa,1.2839222170748892,1.3602123416225274,1.240801419563994,2.046768449975125,2.3782249001293287
full_seed101_bias_0p0_noise0p5_s13_a0p2_b0p7,full,101,bias,0.0,0.5,13,0.2,0.7,crp,1.4727140572566275,1.612447779211858,1.4282393329401124,2.502079285974186,2.807206773026496
full_seed101_bias_0p0_noise0p5_s5_a0p2_b0p7,full,101,bias,0.0,0.5,5,0.2,0.7,fpr_owa,1.709271226509631,1.8044491280747172,1.6461929187271442,2.6895015239178703,3.0208680804791372
full_seed101_bias_0p0_noise0p5_s5_a0p2_b0p7,full,101,bias,0.0,0.5,5,0.2,0.7,crp,1.7065736984219853,1.7962797166401743,1.6643671672966334,2.6891065802934384,3.1713097370060837
full_seed101_bias_0p0_noise0p5_s9_a0p2_b0p7,full,101,bias,0.0,0.5,9,0.2,0.7,fpr_owa,1.70044414129838,1.7783768765686923,1.641228448021633,2.5752813313069827,2.867533613785253
full_seed101_bias_0p0_noise0p5_s9_a0p2_b0p7,full,101,bias,0.0,0.5,9,0.2,0.7,crp,1.702768680399992,1.785818824901385,1.6335819686835573,2.5860100340330816,2.9658033381199207
full_seed101_bias_0p1_noise0p1_s13_a0p2_b0p7,full,101,bias,0.1,0.1,13,0.2,0.7,fpr_owa,1.0945410120562316,1.1370475865085845,1.099567270216335,1.5976442639919715,1.7056900502596406
full_seed101_bias_0p1_noise0p1_s13_a0p2_b0p7,full,101,bias,0.1,0.1,13,0.2,0.7,crp,1.2697475925187192,1.4579283817326227,1.067137602097049,2.4714775521022436,2.736099377523418
full_seed101_bias_0p1_noise0p1_s5_a0p2_b0p7,full,101,bias,0.1,0.1,5,0.2,0.7,fpr_owa,1.767117669704048,1.8354108405671965,1.6600840900874871,2.4665471628706577,2.623309323256321
full_seed101_bias_0p1_noise0p1_s5_a0p2_b0p7,full,101,bias,0.1,0.1,5,0.2,0.7,crp,1.7556483115542234,1.8242796688516187,1.6580754871331331,2.4777751377541906,2.623309323256321
full_seed101_bias_0p1_noise0p1_s9_a0p2_b0p7,full,101,bias,0.1,0.1,9,0.2,0.7,fpr_owa,1.7131557465842207,1.7607889024167125,1.6216881717871552,2.3895547005391755,2.6068524826656265
full_seed101_bias_0p1_noise0p1_s9_a0p2_b0p7,full,101,bias,0.1,0.1,9,0.2,0.7,crp,1.7828551601875657,1.8478649868857915,1.6638443977850907,2.471329079585582,2.685355914610005
full_seed101_bias_0p1_noise0p25_s13_a0p2_b0p7,full,101,bias,0.1,0.25,13,0.2,0.7,fpr_owa,1.1343706720046853,1.184962124752771,1.1262025979673023,1.7523445681307501,1.93807001433504
full_seed101_bias_0p1_noise0p25_s13_a0p2_b0p7,full,101,bias,0.1,0.25,13,0.2,0.7,crp,1.4337328825627085,1.6021716004794018,1.2157193670281292,2.4837043247946196,2.707769422433947
full_seed101_bias_0p1_noise0p25_s5_a0p2_b0p7,full,101,bias,0.1,0.25,5,0.2,0.7,fpr_owa,1.7336143413815548,1.8099001257236493,1.6922920438569657,2.55417172044426,2.7327033676123493
full_seed101_bias_0p1_noise0p25_s5_a0p2_b0p7,full,101,bias,0.1,0.25,5,0.2,0.7,crp,1.7307604686881044,1.806818791048763,1.6744679092833215,2.575937309030686,2.69845746417831
full_seed101_bias_0p1_noise0p25_s9_a0p2_b0p7,full,101,bias,0.1,0.25,9,0.2,0.7,fpr_owa,1.6879290218740823,1.7475129365778548,1.5943346499091637,2.4117367443511935,2.5823984057279774
full_seed101_bias_0p1_noise0p25_s9_a0p2_b0p7,full,101,bias,0.1,0.25,9,0.2,0.7,crp,1.7407640771829471,1.816815683518384,1.624287571198738,2.509265301728621,2.7311655072982735
full_seed101_bias_0p1_noise0p5_s13_a0p2_b0p7,full,101,bias,0.1,0.5,13,0.2,0.7,fpr_owa,1.2072584099527315,1.273721972248634,1.1649007589047207,1.8874874349884894,2.221630566581403
full_seed101_bias_0p1_noise0p5_s13_a0p2_b0p7,full,101,bias,0.1,0.5,13,0.2,0.7,crp,1.416027506191861,1.5581720786758468,1.3368702320529335,2.3950143885165898,2.807206773026496
full_seed101_bias_0p1_noise0p5_s5_a0p2_b0p7,full,101,bias,0.1,0.5,5,0.2,0.7,fpr_owa,1.709271226509631,1.8044491280747172,1.6461929187271442,2.6895015239178703,3.0208680804791372
full_seed101_bias_0p1_noise0p5_s5_a0p2_b0p7,full,101,bias,0.1,0.5,5,0.2,0.7,crp,1.7065736984219853,1.7962797166401743,1.6643671672966334,2.6891065802934384,3.1713097370060837
full_seed101_bias_0p1_noise0p5_s9_a0p2_b0p7,full,101,bias,0.1,0.5,9,0.2,0.7,fpr_owa,1.6740815376245135,1.7484949178543567,1.5876695195774304,2.4759125240650213,2.7747231308588476
full_seed101_bias_0p1_noise0p5_s9_a0p2_b0p7,full,101,bias,0.1,0.5,9,0.2,0.7,crp,1.7085647979814511,1.7908551096078063,1.6688827932622379,2.6101209591564647,2.9658033381199207
full_seed101_bias_0p2_noise0p1_s13_a0p2_b0p7,full,101,bias,0.2,0.1,13,0.2,0.7,fpr_owa,0.9798105620883405,1.0403060853043713,0.8891274085871712,1.5976442639919715,1.7056900502596406
full_seed101_bias_0p2_noise0p1_s13_a0p2_b0p7,full,101,bias,0.2,0.1,13,0.2,0.7,crp,0.8957139134340592,1.1492282496217296,0.8109340781302792,2.4275507193521735,2.513014246133585
full_seed101_bias_0p2_noise0p1_s5_a0p2_b0p7,full,101,bias,0.2,0.1,5,0.2,0.7,fpr_owa,1.7137869759559943,1.7795393424278434,1.6009027411088605,2.4449080454817262,2.605168287783102
full_seed101_bias_0p2_noise0p1_s5_a0p2_b0p7,full,101,bias,0.2,0.1,5,0.2,0.7,crp,1.7475453882509588,1.8231490973540367,1.667150139356865,2.526490481416377,2.684404463869879
full_seed101_bias_0p2_noise0p1_s9_a0p2_b0p7,full,101,bias,0.2,0.1,9,0.2,0.7,fpr_owa,1.6229969839786564,1.6731800006743869,1.5098584284162573,2.3802103808800967,2.504841460449386
full_seed101_bias_0p2_noise0p1_s9_a0p2_b0p7,full,101,bias,0.2,0.1,9,0.2,0.7,crp,1.7726549669638672,1.8459174706400272,1.6655580657805444,2.4907726615412,2.7088409812672616
full_seed101_bias_0p2_noise0p25_s13_a0p2_b0p7,full,101,bias,0.2,0.25,13,0.2,0.7,fpr_owa,1.002751431652364,1.0771860368329285,0.9250672353253921,1.7598419083712806,1.93807001433504
full_seed101_bias_0p2_noise0p25_s13_a0p2_b0p7,full,101,bias,0.2,0.25,13,0.2,0.7,crp,1.082383833280125,1.2856164495114462,0.9268974663376925,2.402615386118169,2.6491930765869127
full_seed101_bias_0p2_noise0p25_s5_a0p2_b0p7,full,101,bias,0.2,0.25,5,0.2,0.7,fpr_owa,1.693356201101288,1.7643673400350972,1.5924318401393318,2.4945243726440607,2.713322161879084
full_seed101_bias_0p2_noise0p25_s5_a0p2_b0p7,full,101,bias,0.2,0.25,5,0.2,0.7,crp,1.7176845740659448,1.795078716479396,1.6643325460676126,2.551753425753839,2.69845746417831
full_seed101_bias_0p2_noise0p25_s9_a0p2_b0p7,full,101,bias,0.2,0.25,9,0.2,0.7,fpr_owa,1.6248873791137541,1.6896756969515827,1.5147816129314686,2.4324882517854496,3.0701399908280944
full_seed101_bias_0p2_noise0p25_s9_a0p2_b0p7,full,101,bias,0.2,0.25,9,0.2,0.7,crp,1.7245469908827995,1.8048290739801691,1.6347671946903122,2.5200304581765005,2.7311655072982735
full_seed101_bias_0p2_noise0p5_s13_a0p2_b0p7,full,101,bias,0.2,0.5,13,0.2,0.7,fpr_owa,1.0745553698992794,1.1698901230622811,1.0294662004766577,1.8718843985509566,2.3691642861580315
full_seed101_bias_0p2_noise0p5_s13_a0p2_b0p7,full,101,bias,0.2,0.5,13,0.2,0.7,crp,1.1688629439548526,1.3352684415954788,1.0703661582212574,2.3141453008741784,2.807206773026496
full_seed101_bias_0p2_noise0p5_s5_a0p2_b0p7,full,101,bias,0.2,0.5,5,0.2,0.7,fpr_owa,1.67296640555292,1.7598802145444015,1.5775002723468172,2.558268149259076,3.0208680804791372
full_seed101_bias_0p2_noise0p5_s5_a0p2_b0p7,full,101,bias,0.2,0.5,5,0.2,0.7,crp,1.6972871493793074,1.786234780710503,1.6342477380315992,2.6704666715919347,3.1713097370060837
full_seed101_bias_0p2_noise0p5_s9_a0p2_b0p7,full,101,bias,0.2,0.5,9,0.2,0.7,fpr_owa,1.643418115654815,1.732407798037465,1.5408889685436917,2.625378007415964,3.585793215755493
full_seed101_bias_0p2_noise0p5_s9_a0p2_b0p7,full,101,bias,0.2,0.5,9,0.2,0.7,crp,1.69020567592893,1.7815431899628342,1.6414636465463406,2.5744475018682693,3.2437318588151935
full_seed101_bias_0p3_noise0p1_s13_a0p2_b0p7,full,101,bias,0.3,0.1,13,0.2,0.7,fpr_owa,1.195270206395294,1.2273574111018626,1.1999700094968535,1.603376899036027,1.7056900502596406
full_seed101_bias_0p3_noise0p1_s13_a0p2_b0p7,full,101,bias,0.3,0.1,13,0.2,0.7,crp,0.8842362488712493,1.1477458608820716,0.9206347777521078,2.42637454437957,2.513014246133585
full_seed101_bias_0p3_noise0p1_s5_a0p2_b0p7,full,101,bias,0.3,0.1,5,0.2,0.7,fpr_owa,2.30536101452348,2.4712255721894447,2.3481020394723235,3.8571291544026294,4.0216626430085265
full_seed101_bias_0p3_noise0p1_s5_a0p2_b0p7,full,101,bias,0.3,0.1,5,0.2,0.7,crp,2.1105700381827814,2.2374211377867814,2.2349403031433406,3.514814134989611,3.768733145220957
full_seed101_bias_0p3_noise0p1_s9_a0p2_b0p7,full,101,bias,0.3,0.1,9,0.2,0.7,fpr_owa,1.9339695944024526,1.9961326502195806,1.9363661174634559,2.728483033155865,2.8856628646521503
full_seed101_bias_0p3_noise0p1_s9_a0p2_b0p7,full,101,bias,0.3,0.1,9,0.2,0.7,crp,1.7872907362915087,1.8579917610877275,1.7136642239737272,2.484394954423388,2.7088409812672616
full_seed101_bias_0p3_noise0p25_s13_a0p2_b0p7,full,101,bias,0.3,0.25,13,0.2,0.7,fpr_owa,1.2117147620169,1.2538455678435623,1.208536474943161,1.7632989542236357,2.2648107955012766
full_seed101_bias_0p3_noise0p25_s13_a0p2_b0p7,full,101,bias,0.3,0.25,13,0.2,0.7,crp,1.1745402382539434,1.3577004972095426,1.1332405362695712,2.402615386118169,2.709508178315356
full_seed101_bias_0p3_noise0p25_s5_a0p2_b0p7,full,101,bias,0.3,0.25,5,0.2,0.7,fpr_owa,2.26426460786899,2.4320440648265857,2.2895568640239308,3.755877172272047,4.089892749263723
full_seed101_bias_0p3_noise0p25_s5_a0p2_b0p7,full,101,bias,0.3,0.25,5,0.2,0.7,crp,2.1204556044541962,2.275034010667081,2.070483152378375,3.60443189336383,4.033546992237713
full_seed101_bias_0p3_noise0p25_s9_a0p2_b0p7,full,101,bias,0.3,0.25,9,0.2,0.7,fpr_owa,1.9182759041184776,1.9957437812873762,1.935348055667319,2.764961302244434,3.8957933064215537
full_seed101_bias_0p3_noise0p25_s9_a0p2_b0p7,full,101,bias,0.3,0.25,9,0.2,0.7,crp,1.7620183619953698,1.840486987183231,1.7148152830811587,2.587469173029448,3.420822412411787
full_seed101_bias_0p3_noise0p5_s13_a0p2_b0p7,full,101,bias,0.3,0.5,13,0.2,0.7,fpr_owa,1.2557508118206528,1.3216023844538252,1.240801419563994,2.0152740855328455,2.434935337336376
full_seed101_bias_0p3_noise0p5_s13_a0p2_b0p7,full,101,bias,0.3,0.5,13,0.2,0.7,crp,1.2909339604996508,1.421554589099699,1.1987075623902634,2.3069777809649055,2.807206773026496
full_seed101_bias_0p3_noise0p5_s5_a0p2_b0p7,full,101,bias,0.3,0.5,5,0.2,0.7,fpr_owa,2.1981102249790547,2.366284580931799,2.2217596921489497,3.6526923030679934,4.2444033251955195
full_seed101_bias_0p3_noise0p5_s5_a0p2_b0p7,full,101,bias,0.3,0.5,5,0.2,0.7,crp,2.123008469913386,2.2799309342811664,2.0782761232131834,3.5902335493132935,4.0533542409530225
full_seed101_bias_0p3_noise0p5_s9_a0p2_b0p7,full,101,bias,0.3,0.5,9,0.2,0.7,fpr_owa,1.9343278911313078,2.046380167141249,1.917694370698539,3.02409587590058,4.3679460570713315
full_seed101_bias_0p3_noise0p5_s9_a0p2_b0p7,full,101,bias,0.3,0.5,9,0.2,0.7,crp,1.8299980833653786,1.9405639038275853,1.7603923184874812,2.966129700571658,3.9953428666581776
full_seed101_bias_0p4_noise0p1_s13_a0p2_b0p7,full,101,bias,0.4,0.1,13,0.2,0.7,fpr_owa,1.507802291813456,1.5930028192464074,1.5274600531484552,2.2572720466494856,2.3901958623710113
full_seed101_bias_0p4_noise0p1_s13_a0p2_b0p7,full,101,bias,0.4,0.1,13,0.2,0.7,crp,1.064211765142691,1.4338396166214655,0.9682266210306875,2.471100822535753,6.375824440050834
full_seed101_bias_0p4_noise0p1_s5_a0p2_b0p7,full,101,bias,0.4,0.1,5,0.2,0.7,fpr_owa,2.30536101452348,2.4712255721894447,2.3481020394723235,3.8571291544026294,4.0216626430085265
full_seed101_bias_0p4_noise0p1_s5_a0p2_b0p7,full,101,bias,0.4,0.1,5,0.2,0.7,crp,2.1105700381827814,2.2374211377867814,2.2349403031433406,3.514814134989611,3.768733145220957
full_seed101_bias_0p4_noise0p1_s9_a0p2_b0p7,full,101,bias,0.4,0.1,9,0.2,0.7,fpr_owa,2.2867076924949545,2.4305092222087477,2.2704013710352573,3.6034584016397457,3.7651752965080365
full_seed101_bias_0p4_noise0p1_s9_a0p2_b0p7,full,101,bias,0.4,0.1,9,0.2,0.7,crp,2.3673885796044187,2.6307485140345266,2.2913489449866695,4.329166466209171,6.466447700105839
full_seed101_bias_0p4_noise0p25_s13_a0p2_b0p7,full,101,bias,0.4,0.25,13,0.2,0.7,fpr_owa,1.5029131863391205,1.585721425860236,1.59037821855466,2.2446512541888852,2.8801954108858925
full_seed101_bias_0p4_noise0p25_s13_a0p2_b0p7,full,101,bias,0.4,0.25,13,0.2,0.7,crp,1.454033359153707,1.6583676279928428,1.6272947555370054,2.4754368039801133,5.325723151461164
full_seed101_bias_0p4_noise0p25_s5_a0p2_b0p7,full,101,bias,0.4,0.25,5,0.2,0.7,fpr_owa,2.26426460786899,2.4320440648265857,2.2895568640239308,3.755877172272047,4.089892749263723
full_seed101_bias_0p4_noise0p25_s5_a0p2_b0p7,full,101,bias,0.4,0.25,5,0.2,0.7,crp,2.1204556044541962,2.275034010667081,2.070483152378375,3.60443189336383,4.033546992237713
full_seed101_bias_0p4_noise0p25_s9_a0p2_b0p7,full,101,bias,0.4,0.25,9,0.2,0.7,fpr_owa,2.269331180320983,2.430079490102679,2.2398437230461936,3.6394237012477975,4.722180944750449
full_seed101_bias_0p4_noise0p25_s9_a0p2_b0p7,full,101,bias,0.4,0.25,9,0.2,0.7,crp,2.3042607067055445,2.5631052774801084,2.1714016227816573,4.557074135285863,6.539332597070602
full_seed101_bias_0p4_noise0p5_s13_a0p2_b0p7,full,101,bias,0.4,0.5,13,0.2,0.7,fpr_owa,1.5232267064253497,1.625506416578895,1.5086330851759153,2.418472982583172,3.0415067331494625
full_seed101_bias_0p4_noise0p5_s13_a0p2_b0p7,full,101,bias,0.4,0.5,13,0.2,0.7,crp,1.5588056571562585,1.7221531344633128,1.5954137144997083,2.63577738246617,5.390131938835932
full_seed101_bias_0p4_noise0p5_s5_a0p2_b0p7,full,101,bias,0.4,0.5,5,0.2,0.7,fpr_owa,2.1981102249790547,2.366284580931799,2.2217596921489497,3.6526923030679934,4.2444033251955195
full_seed101_bias_0p4_noise0p5_s5_a0p2_b0p7,full,101,bias,0.4,0.5,5,0.2,0.7,crp,2.123008469913386,2.2799309342811664,2.0782761232131834,3.5902335493132935,4.0533542409530225
full_seed101_bias_0p4_noise0p5_s9_a0p2_b0p7,full,101,bias,0.4,0.5,9,0.2,0.7,fpr_owa,2.3383254903782538,2.570880690051255,2.201482428751464,4.588742343724411,5.221633164003812
full_seed101_bias_0p4_noise0p5_s9_a0p2_b0p7,full,101,bias,0.4,0.5,9,0.2,0.7,crp,2.2943146401716796,2.5363165515115678,2.144700964534291,4.658071874430329,5.39407049550873
full_seed11_bias_0p0_noise0p1_s13_a0p2_b0p7,full,11,bias,0.0,0.1,13,0.2,0.7,fpr_owa,1.2030380377571297,1.251722441779351,1.2026784507458006,1.6480635543117987,1.7018842003615893
full_seed11_bias_0p0_noise0p1_s13_a0p2_b0p7,full,11,bias,0.0,0.1,13,0.2,0.7,crp,1.352168057860383,1.5191628901214946,1.1321591459274205,2.4590296554950233,2.5911682565686767
full_seed11_bias_0p0_noise0p1_s5_a0p2_b0p7,full,11,bias,0.0,0.1,5,0.2,0.7,fpr_owa,1.7641788435487618,1.8344957748451298,1.6378153881221,2.480498620302904,2.6055396765231316
full_seed11_bias_0p0_noise0p1_s5_a0p2_b0p7,full,11,bias,0.0,0.1,5,0.2,0.7,crp,1.7591777537157838,1.8302374046359122,1.6378153881221,2.4811078752419355,2.616528232453659
full_seed11_bias_0p0_noise0p1_s9_a0p2_b0p7,full,11,bias,0.0,0.1,9,0.2,0.7,fpr_owa,1.76382617176232,1.818790851360434,1.646441406201646,2.403961893301196,2.5748263578710615
full_seed11_bias_0p0_noise0p1_s9_a0p2_b0p7,full,11,bias,0.0,0.1,9,0.2,0.7,crp,1.7847844406647482,1.8503135257905796,1.656573770433361,2.4692469434204285,2.5513878136742476
full_seed11_bias_0p0_noise0p25_s13_a0p2_b0p7,full,11,bias,0.0,0.25,13,0.2,0.7,fpr_owa,1.2367405563130776,1.2975391058372567,1.231759497280631,1.7918660933805393,1.9569972867118044
full_seed11_bias_0p0_noise0p25_s13_a0p2_b0p7,full,11,bias,0.0,0.25,13,0.2,0.7,crp,1.4677033059395985,1.6234331442876524,1.2467217782889788,2.4761719438315017,2.6279530903706836
full_seed11_bias_0p0_noise0p25_s5_a0p2_b0p7,full,11,bias,0.0,0.25,5,0.2,0.7,fpr_owa,1.768739992363102,1.8408338656066765,1.6648480772683014,2.521330051813962,2.8249633333898125
full_seed11_bias_0p0_noise0p25_s5_a0p2_b0p7,full,11,bias,0.0,0.25,5,0.2,0.7,crp,1.7702300766940533,1.8450700063821321,1.6689430930138762,2.5516486310132764,2.796271661390479
full_seed11_bias_0p0_noise0p25_s9_a0p2_b0p7,full,11,bias,0.0,0.25,9,0.2,0.7,fpr_owa,1.7461352404491017,1.8089103731019338,1.645012760945749,2.447591344300196,2.526468902583454
full_seed11_bias_0p0_noise0p25_s9_a0p2_b0p7,full,11,bias,0.0,0.25,9,0.2,0.7,crp,1.758467612902215,1.8301388045229325,1.6473707243014186,2.4899332480872087,2.702161363193952
full_seed11_bias_0p0_noise0p5_s13_a0p2_b0p7,full,11,bias,0.0,0.5,13,0.2,0.7,fpr_owa,1.2941491831629997,1.3694718070207745,1.2970916190651123,1.9796666158364291,2.2904240069420423
full_seed11_bias_0p0_noise0p5_s13_a0p2_b0p7,full,11,bias,0.0,0.5,13,0.2,0.7,crp,1.4815831813923916,1.6085297079863827,1.3586552676176302,2.514407217281064,2.695713347718056
full_seed11_bias_0p0_noise0p5_s5_a0p2_b0p7,full,11,bias,0.0,0.5,5,0.2,0.7,fpr_owa,1.7926018622007016,1.8778346971656197,1.7723700273181024,2.684271847491995,3.190669428167615
full_seed11_bias_0p0_noise0p5_s5_a0p2_b0p7,full,11,bias,0.0,0.5,5,0.2,0.7,crp,1.794511215953795,1.8794063292187926,1.7319409347341135,2.6800692780367577,2.9078972434403716
full_seed11_bias_0p0_noise0p5_s9_a0p2_b0p7,full,11,bias,0.0,0.5,9,0.2,0.7,fpr_owa,1.7053325554692842,1.7803703247585505,1.6412696103953297,2.503828933608913,2.7646347948997105
full_seed11_bias_0p0_noise0p5_s9_a0p2_b0p7,full,11,bias,0.0,0.5,9,0.2,0.7,crp,1.7316835138903979,1.8094267919261846,1.6607931994939182,2.585661549380277,2.849698101792207
full_seed11_bias_0p1_noise0p1_s13_a0p2_b0p7,full,11,bias,0.1,0.1,13,0.2,0.7,fpr_owa,1.0993406750941204,1.1408173379613662,1.1048309130933274,1.5896658820249447,1.6831001370246317
full_seed11_bias_0p1_noise0p1_s13_a0p2_b0p7,full,11,bias,0.1,0.1,13,0.2,0.7,crp,1.2414237991350918,1.4323863730602435,1.0638825887976586,2.472389436593419,2.607370195782712
full_seed11_bias_0p1_noise0p1_s5_a0p2_b0p7,full,11,bias,0.1,0.1,5,0.2,0.7,fpr_owa,1.7641788435487618,1.8344957748451298,1.6378153881221,2.480498620302904,2.6055396765231316
full_seed11_bias_0p1_noise0p1_s5_a0p2_b0p7,full,11,bias,0.1,0.1,5,0.2,0.7,crp,1.7591777537157838,1.8302374046359122,1.6378153881221,2.4811078752419355,2.616528232453659
full_seed11_bias_0p1_noise0p1_s9_a0p2_b0p7,full,11,bias,0.1,0.1,9,0.2,0.7,fpr_owa,1.7127089765832515,1.7604344713575866,1.5951898679588261,2.368248287875581,2.4530845312122955
full_seed11_bias_0p1_noise0p1_s9_a0p2_b0p7,full,11,bias,0.1,0.1,9,0.2,0.7,crp,1.7803007645984248,1.8470726436383154,1.7285664125555558,2.4611463352285727,2.6009439710335616
full_seed11_bias_0p1_noise0p25_s13_a0p2_b0p7,full,11,bias,0.1,0.25,13,0.2,0.7,fpr_owa,1.14229830859028,1.1934047040841818,1.1265534954910292,1.7004180809625586,1.9569972867118044
full_seed11_bias_0p1_noise0p25_s13_a0p2_b0p7,full,11,bias,0.1,0.25,13,0.2,0.7,crp,1.4072701657227176,1.5740893808943215,1.1958217835447658,2.502148212332429,2.6207679372764985
full_seed11_bias_0p1_noise0p25_s5_a0p2_b0p7,full,11,bias,0.1,0.25,5,0.2,0.7,fpr_owa,1.768739992363102,1.8408338656066765,1.6648480772683014,2.521330051813962,2.8249633333898125
full_seed11_bias_0p1_noise0p25_s5_a0p2_b0p7,full,11,bias,0.1,0.25,5,0.2,0.7,crp,1.7702300766940533,1.8450700063821321,1.6689430930138762,2.5516486310132764,2.796271661390479
full_seed11_bias_0p1_noise0p25_s9_a0p2_b0p7,full,11,bias,0.1,0.25,9,0.2,0.7,fpr_owa,1.6975665120041912,1.7558060193844485,1.6294755529576612,2.4191534421421075,2.5153981132942484
full_seed11_bias_0p1_noise0p25_s9_a0p2_b0p7,full,11,bias,0.1,0.25,9,0.2,0.7,crp,1.755943063181896,1.8312771073477419,1.670879833055525,2.50236044143019,2.702161363193952
full_seed11_bias_0p1_noise0p5_s13_a0p2_b0p7,full,11,bias,0.1,0.5,13,0.2,0.7,fpr_owa,1.2197711846859913,1.287081880234789,1.1918113568026982,1.8614584281681685,2.161930519026543
full_seed11_bias_0p1_noise0p5_s13_a0p2_b0p7,full,11,bias,0.1,0.5,13,0.2,0.7,crp,1.4001177500639899,1.5293534414965417,1.3583075920162597,2.4813755099085313,2.676361153688005
full_seed11_bias_0p1_noise0p5_s5_a0p2_b0p7,full,11,bias,0.1,0.5,5,0.2,0.7,fpr_owa,1.7926018622007016,1.8778346971656197,1.7723700273181024,2.684271847491995,3.190669428167615
full_seed11_bias_0p1_noise0p5_s5_a0p2_b0p7,full,11,bias,0.1,0.5,5,0.2,0.7,crp,1.794511215953795,1.8794063292187926,1.7319409347341135,2.6800692780367577,2.9078972434403716
full_seed11_bias_0p1_noise0p5_s9_a0p2_b0p7,full,11,bias,0.1,0.5,9,0.2,0.7,fpr_owa,1.6640523727891474,1.73932242567316,1.6112724066278128,2.5036444146185026,2.685255675684843
full_seed11_bias_0p1_noise0p5_s9_a0p2_b0p7,full,11,bias,0.1,0.5,9,0.2,0.7,crp,1.7183341216984318,1.795165061296913,1.6698387759107223,2.5561071106925812,2.7661095408161898
full_seed11_bias_0p2_noise0p1_s13_a0p2_b0p7,full,11,bias,0.2,0.1,13,0.2,0.7,fpr_owa,0.9804927849030409,1.0410693238893023,0.9115198210140008,1.5896658820249447,1.6831001370246317
full_seed11_bias_0p2_noise0p1_s13_a0p2_b0p7,full,11,bias,0.2,0.1,13,0.2,0.7,crp,0.910001402874948,1.168710977953255,0.7867669604017883,2.4070245815388884,2.610264433818814
full_seed11_bias_0p2_noise0p1_s5_a0p2_b0p7,full,11,bias,0.2,0.1,5,0.2,0.7,fpr_owa,1.705216150042746,1.7719454749932813,1.5732467798166714,2.4700476686350017,2.6055396765231316
full_seed11_bias_0p2_noise0p1_s5_a0p2_b0p7,full,11,bias,0.2,0.1,5,0.2,0.7,crp,1.752284980781506,1.8279267964494885,1.6508952367461138,2.5010802115237194,2.616528232453659
full_seed11_bias_0p2_noise0p1_s9_a0p2_b0p7,full,11,bias,0.2,0.1,9,0.2,0.7,fpr_owa,1.6231813001305724,1.6778852761850007,1.5001598918748815,2.368248287875581,3.2204144968097443
full_seed11_bias_0p2_noise0p1_s9_a0p2_b0p7,full,11,bias,0.2,0.1,9,0.2,0.7,crp,1.7762061539280993,1.8491806400312254,1.7073469471831673,2.4946983653398926,2.607370195782712
full_seed11_bias_0p2_noise0p25_s13_a0p2_b0p7,full,11,bias,0.2,0.25,13,0.2,0.7,fpr_owa,1.0135102273814063,1.084921361017541,0.890772664950317,1.7004180809625586,1.9569972867118044
full_seed11_bias_0p2_noise0p25_s13_a0p2_b0p7,full,11,bias,0.2,0.25,13,0.2,0.7,crp,1.096277873328369,1.2792283658500945,0.9266930304205772,2.4239786220632724,2.5629366508980107
full_seed11_bias_0p2_noise0p25_s5_a0p2_b0p7,full,11,bias,0.2,0.25,5,0.2,0.7,fpr_owa,1.7095086556232202,1.7772408383316467,1.6285574830928446,2.4901249011151867,2.8249633333898125
full_seed11_bias_0p2_noise0p25_s5_a0p2_b0p7,full,11,bias,0.2,0.25,5,0.2,0.7,crp,1.7721768070235124,1.8496242766606652,1.6880166946109216,2.5862771459366574,2.8377107508319876
full_seed11_bias_0p2_noise0p25_s9_a0p2_b0p7,full,11,bias,0.2,0.25,9,0.2,0.7,fpr_owa,1.6084043262991234,1.6665981992255743,1.5187091660576462,2.4155706150720135,2.5153981132942484
full_seed11_bias_0p2_noise0p25_s9_a0p2_b0p7,full,11,bias,0.2,0.25,9,0.2,0.7,crp,1.74724138680071,1.8256896271569032,1.6612719232162152,2.54584199145757,2.7250684246295624
full_seed11_bias_0p2_noise0p5_s13_a0p2_b0p7,full,11,bias,0.2,0.5,13,0.2,0.7,fpr_owa,1.0970869655488158,1.1850024964553536,1.014177247130617,1.8614584281681685,2.161930519026543
full_seed11_bias_0p2_noise0p5_s13_a0p2_b0p7,full,11,bias,0.2,0.5,13,0.2,0.7,crp,1.2089175855807643,1.3456814384640303,1.111209974000613,2.3619576198719483,2.676361153688005
full_seed11_bias_0p2_noise0p5_s5_a0p2_b0p7,full,11,bias,0.2,0.5,5,0.2,0.7,fpr_owa,1.7153344904173338,1.7944389109749832,1.656316994088388,2.6000603320991904,3.190669428167615
full_seed11_bias_0p2_noise0p5_s5_a0p2_b0p7,full,11,bias,0.2,0.5,5,0.2,0.7,crp,1.7408530002438232,1.82349841611014,1.6837156187122386,2.6362873950462355,2.8632023370637274
full_seed11_bias_0p2_noise0p5_s9_a0p2_b0p7,full,11,bias,0.2,0.5,9,0.2,0.7,fpr_owa,1.6149342121775172,1.6950306944390492,1.5323546805651165,2.5053373518540423,3.1196665437675213
full_seed11_bias_0p2_noise0p5_s9_a0p2_b0p7,full,11,bias,0.2,0.5,9,0.2,0.7,crp,1.6677907394274452,1.7525442730114469,1.596657121025698,2.536405387734452,3.1196665437675213
full_seed11_bias_0p3_noise0p1_s13_a0p2_b0p7,full,11,bias,0.3,0.1,13,0.2,0.7,fpr_owa,1.199318323789421,1.2314152142965569,1.2026784507458006,1.6142463416859383,1.7079499552993989
full_seed11_bias_0p3_noise0p1_s13_a0p2_b0p7,full,11,bias,0.3,0.1,13,0.2,0.7,crp,0.8780738288667316,1.1382943024694916,0.8712439488952793,2.4005288697544507,2.5513878136742476
full_seed11_bias_0p3_noise0p1_s5_a0p2_b0p7,full,11,bias,0.3,0.1,5,0.2,0.7,fpr_owa,2.3024848938608113,2.472570267643972,2.3287420041265325,3.8527376137032427,4.011523827520332
full_seed11_bias_0p3_noise0p1_s5_a0p2_b0p7,full,11,bias,0.3,0.1,5,0.2,0.7,crp,2.098052972875627,2.2262657191906996,2.223594753207085,3.524915368512651,3.688154492088176
full_seed11_bias_0p3_noise0p1_s9_a0p2_b0p7,full,11,bias,0.3,0.1,9,0.2,0.7,fpr_owa,1.9330514977807416,1.9976172735656577,1.94588371167492,2.733395798307203,2.8782723120472986
full_seed11_bias_0p3_noise0p1_s9_a0p2_b0p7,full,11,bias,0.3,0.1,9,0.2,0.7,crp,1.7846929695243925,1.8547828901983479,1.7457429624914982,2.495870437703434,2.6374547053079818
full_seed11_bias_0p3_noise0p25_s13_a0p2_b0p7,full,11,bias,0.3,0.25,13,0.2,0.7,fpr_owa,1.2202549691594897,1.2650357168420354,1.243252204139612,1.7498679534183634,1.9569972867118044
full_seed11_bias_0p3_noise0p25_s13_a0p2_b0p7,full,11,bias,0.3,0.25,13,0.2,0.7,crp,1.156523727515416,1.3357412382795806,1.1256289722760389,2.4295475078985103,2.628911938269292
full_seed11_bias_0p3_noise0p25_s5_a0p2_b0p7,full,11,bias,0.3,0.25,5,0.2,0.7,fpr_owa,2.291906548441589,2.4573554625221856,2.2971461584160178,3.7906296867180336,4.037886620209933
full_seed11_bias_0p3_noise0p25_s5_a0p2_b0p7,full,11,bias,0.3,0.25,5,0.2,0.7,crp,2.145158281414922,2.292856693724733,2.1441577599976682,3.6248897142879763,4.037886620209933
full_seed11_bias_0p3_noise0p25_s9_a0p2_b0p7,full,11,bias,0.3,0.25,9,0.2,0.7,fpr_owa,1.9132037978533583,1.984820598084338,1.9558528374510376,2.7106137205231766,2.925095707154106
full_seed11_bias_0p3_noise0p25_s9_a0p2_b0p7,full,11,bias,0.3,0.25,9,0.2,0.7,crp,1.7894942649032046,1.8603028442905845,1.7535886485417382,2.5371522491732508,2.702161363193952
full_seed11_bias_0p3_noise0p5_s13_a0p2_b0p7,full,11,bias,0.3,0.5,13,0.2,0.7,fpr_owa,1.2765329131869463,1.3432288978296472,1.2621147256543441,1.911094376614419,2.3271119947353123
full_seed11_bias_0p3_noise0p5_s13_a0p2_b0p7,full,11,bias,0.3,0.5,13,0.2,0.7,crp,1.2916882702423231,1.4116113041087897,1.241989786754041,2.350890510976647,2.6619407201675216
full_seed11_bias_0p3_noise0p5_s5_a0p2_b0p7,full,11,bias,0.3,0.5,5,0.2,0.7,fpr_owa,2.265321572799552,2.4268811564147286,2.260870037399286,3.7417089225495026,4.0491604927538996
full_seed11_bias_0p3_noise0p5_s5_a0p2_b0p7,full,11,bias,0.3,0.5,5,0.2,0.7,crp,2.1868771644868312,2.3492542255720372,2.1598725714545846,3.7105439167010013,4.0491604927538996
full_seed11_bias_0p3_noise0p5_s9_a0p2_b0p7,full,11,bias,0.3,0.5,9,0.2,0.7,fpr_owa,1.9033163642340758,2.0043878966784114,1.9120199557539026,2.800734894023965,4.154786143431567
full_seed11_bias_0p3_noise0p5_s9_a0p2_b0p7,full,11,bias,0.3,0.5,9,0.2,0.7,crp,1.7954819681094543,1.89093611522231,1.7513123456942363,2.7118223892130815,4.154786143431567
full_seed11_bias_0p4_noise0p1_s13_a0p2_b0p7,full,11,bias,0.4,0.1,13,0.2,0.7,fpr_owa,1.515645458897888,1.6026073490236754,1.5401145852015752,2.274944090265223,2.403062953951454
full_seed11_bias_0p4_noise0p1_s13_a0p2_b0p7,full,11,bias,0.4,0.1,13,0.2,0.7,crp,0.9690838102494163,1.3183208588732618,0.9160551575035112,2.4070245815388884,6.423790591159333
full_seed11_bias_0p4_noise0p1_s5_a0p2_b0p7,full,11,bias,0.4,0.1,5,0.2,0.7,fpr_owa,2.3024848938608113,2.472570267643972,2.3287420041265325,3.8527376137032427,4.011523827520332
full_seed11_bias_0p4_noise0p1_s5_a0p2_b0p7,full,11,bias,0.4,0.1,5,0.2,0.7,crp,2.098052972875627,2.2262657191906996,2.223594753207085,3.524915368512651,3.688154492088176
full_seed11_bias_0p4_noise0p1_s9_a0p2_b0p7,full,11,bias,0.4,0.1,9,0.2,0.7,fpr_owa,2.285832808630524,2.432389303667791,2.2915840409026784,3.6017665934563845,3.785314966581954
full_seed11_bias_0p4_noise0p1_s9_a0p2_b0p7,full,11,bias,0.4,0.1,9,0.2,0.7,crp,2.3666582371191036,2.6629030201943067,2.2868915381252215,5.240403380665705,6.459260451494
full_seed11_bias_0p4_noise0p1_s9_a0p3_b0p8,full,11,bias,0.4,0.1,9,0.3,0.8,fpr_owa,1.9420274475602863,2.0254747991245083,1.9796369644053917,2.836737924928918,2.9623602876216055
full_seed11_bias_0p4_noise0p1_s9_a0p3_b0p8,full,11,bias,0.4,0.1,9,0.3,0.8,crp,2.139080769828328,2.4408730816944417,1.9754417893604677,5.9552518775239465,6.471507768869379
full_seed11_bias_0p4_noise0p25_s13_a0p2_b0p7,full,11,bias,0.4,0.25,13,0.2,0.7,fpr_owa,1.5178983727420574,1.608679094267138,1.6054804843329,2.255847884932062,2.637114589568747
full_seed11_bias_0p4_noise0p25_s13_a0p2_b0p7,full,11,bias,0.4,0.25,13,0.2,0.7,crp,1.421239055565692,1.6274787888650148,1.5129862769694733,2.459756726340606,4.996929940853243
full_seed11_bias_0p4_noise0p25_s5_a0p2_b0p7,full,11,bias,0.4,0.25,5,0.2,0.7,fpr_owa,2.291906548441589,2.4573554625221856,2.2971461584160178,3.7906296867180336,4.037886620209933
full_seed11_bias_0p4_noise0p25_s5_a0p2_b0p7,full,11,bias,0.4,0.25,5,0.2,0.7,crp,2.145158281414922,2.292856693724733,2.1441577599976682,3.6248897142879763,4.037886620209933
full_seed11_bias_0p4_noise0p25_s9_a0p2_b0p7,full,11,bias,0.4,0.25,9,0.2,0.7,fpr_owa,2.26323807456087,2.4174770589010453,2.274416289639433,3.605419267326439,4.050213058466242
full_seed11_bias_0p4_noise0p25_s9_a0p2_b0p7,full,11,bias,0.4,0.25,9,0.2,0.7,crp,2.3014507994661724,2.5451549295183136,2.200379621563411,4.061373492662214,6.529446819951108
full_seed11_bias_0p4_noise0p25_s9_a0p3_b0p8,full,11,bias,0.4,0.25,9,0.3,0.8,fpr_owa,1.9376209373084037,2.0262784923870236,1.9600533354341383,2.77067420639829,3.704061912775245
full_seed11_bias_0p4_noise0p25_s9_a0p3_b0p8,full,11,bias,0.4,0.25,9,0.3,0.8,crp,2.079981727861096,2.3217168345857706,1.9860412940871177,3.769062255822597,6.539252725785268
full_seed11_bias_0p4_noise0p5_s13_a0p2_b0p7,full,11,bias,0.4,0.5,13,0.2,0.7,fpr_owa,1.551551183764175,1.6656019169485912,1.5984631608243354,2.5175548804396217,4.06881031311335
full_seed11_bias_0p4_noise0p5_s13_a0p2_b0p7,full,11,bias,0.4,0.5,13,0.2,0.7,crp,1.5535978303520952,1.7005524836244055,1.5903232331661745,2.548927889486457,4.06881031311335
full_seed11_bias_0p4_noise0p5_s5_a0p2_b0p7,full,11,bias,0.4,0.5,5,0.2,0.7,fpr_owa,2.265321572799552,2.4268811564147286,2.260870037399286,3.7417089225495026,4.0491604927538996
full_seed11_bias_0p4_noise0p5_s5_a0p2_b0p7,full,11,bias,0.4,0.5,5,0.2,0.7,crp,2.1868771644868312,2.3492542255720372,2.1598725714545846,3.7105439167010013,4.0491604927538996
full_seed11_bias_0p4_noise0p5_s9_a0p2_b0p7,full,11,bias,0.4,0.5,9,0.2,0.7,fpr_owa,2.3056992111296344,2.523882352488295,2.191685374515947,4.1828105968498495,5.043675032320456
full_seed11_bias_0p4_noise0p5_s9_a0p2_b0p7,full,11,bias,0.4,0.5,9,0.2,0.7,crp,2.2776324168225557,2.508877210469187,2.1133926050385785,4.353250799209635,5.043675032320456
full_seed11_bias_0p4_noise0p5_s9_a0p3_b0p8,full,11,bias,0.4,0.5,9,0.3,0.8,fpr_owa,2.005447372108573,2.15500545358966,1.957993028995701,3.6403204584503,4.3262132094128445
full_seed11_bias_0p4_noise0p5_s9_a0p3_b0p8,full,11,bias,0.4,0.5,9,0.3,0.8,crp,2.02326009980726,2.1868707958772413,1.906524866214056,3.8866429102608557,4.989935392618129
full_seed11_drift_0p4_noise0p1_s9_a0p2_b0p7,full,11,drift,0.4,0.1,9,0.2,0.7,fpr_owa,2.019510214894939,2.1352199686267963,1.9634315040505743,3.680095382236398,4.127001198972488
full_seed11_drift_0p4_noise0p1_s9_a0p2_b0p7,full,11,drift,0.4,0.1,9,0.2,0.7,crp,2.031786891897504,2.1801112187000853,1.9596707532304594,3.780630841425462,5.212376648511897
full_seed11_drift_0p4_noise0p25_s9_a0p2_b0p7,full,11,drift,0.4,0.25,9,0.2,0.7,fpr_owa,1.997677997586229,2.118635896916221,1.9538166620729152,3.712642836250122,4.095301505364583
full_seed11_drift_0p4_noise0p25_s9_a0p2_b0p7,full,11,drift,0.4,0.25,9,0.2,0.7,crp,2.000124968369538,2.137883829751622,1.9511565393808392,3.730672724760756,4.832905327283692
full_seed11_drift_0p4_noise0p5_s9_a0p2_b0p7,full,11,drift,0.4,0.5,9,0.2,0.7,fpr_owa,1.9478434634879107,2.077804621622849,1.8817647959103878,3.556534396626362,4.115068719107072
full_seed11_drift_0p4_noise0p5_s9_a0p2_b0p7,full,11,drift,0.4,0.5,9,0.2,0.7,crp,1.9586866538820236,2.0992057999123457,1.9017414446605518,3.556534396626362,4.473825109971123
full_seed42_bias_0p0_noise0p1_s13_a0p2_b0p7,full,42,bias,0.0,0.1,13,0.2,0.7,fpr_owa,1.2047472395721721,1.2494632978305504,1.1889131152852905,1.6246678019843126,1.7409750298089346
full_seed42_bias_0p0_noise0p1_s13_a0p2_b0p7,full,42,bias,0.0,0.1,13,0.2,0.7,crp,1.3886582680121695,1.5514675788758328,1.1460021883926177,2.4748488652322407,2.6258607027034606
full_seed42_bias_0p0_noise0p1_s5_a0p2_b0p7,full,42,bias,0.0,0.1,5,0.2,0.7,fpr_owa,1.7659881470137384,1.8341841107834418,1.6422287024709643,2.4841127883853624,2.582175321874684
full_seed42_bias_0p0_noise0p1_s5_a0p2_b0p7,full,42,bias,0.0,0.1,5,0.2,0.7,crp,1.7593015494586965,1.8278832315843752,1.6363627809129733,2.4841127883853624,2.582175321874684
full_seed42_bias_0p0_noise0p1_s9_a0p2_b0p7,full,42,bias,0.0,0.1,9,0.2,0.7,fpr_owa,1.7673726147488216,1.8200468740047437,1.6165328076382752,2.410040800315646,2.5120531370564776
full_seed42_bias_0p0_noise0p1_s9_a0p2_b0p7,full,42,bias,0.0,0.1,9,0.2,0.7,crp,1.788730160771922,1.851226665252167,1.6604203269692843,2.482406824554194,2.6258607027034606
full_seed42_bias_0p0_noise0p25_s13_a0p2_b0p7,full,42,bias,0.0,0.25,13,0.2,0.7,fpr_owa,1.2239519384539213,1.2817026770540818,1.205182468431389,1.7601139422801741,2.024275092535646
full_seed42_bias_0p0_noise0p25_s13_a0p2_b0p7,full,42,bias,0.0,0.25,13,0.2,0.7,crp,1.4875765178340594,1.6376556442220402,1.3691758019700146,2.461230482166959,2.6245051753707034
full_seed42_bias_0p0_noise0p25_s5_a0p2_b0p7,full,42,bias,0.0,0.25,5,0.2,0.7,fpr_owa,1.7534629815201765,1.8176348178843071,1.6702733419829094,2.4988352945612546,2.766426926313108
full_seed42_bias_0p0_noise0p25_s5_a0p2_b0p7,full,42,bias,0.0,0.25,5,0.2,0.7,crp,1.7518049575348011,1.8165824254218315,1.700688195934067,2.4900351843609374,2.766426926313108
full_seed42_bias_0p0_noise0p25_s9_a0p2_b0p7,full,42,bias,0.0,0.25,9,0.2,0.7,fpr_owa,1.7426996887661814,1.8000693487288324,1.6339637308116037,2.423123977132854,2.6593326846511403
full_seed42_bias_0p0_noise0p25_s9_a0p2_b0p7,full,42,bias,0.0,0.25,9,0.2,0.7,crp,1.745505224825302,1.8134086024972738,1.6488759114951856,2.4586998295630162,2.6513406992588453
full_seed42_bias_0p0_noise0p5_s13_a0p2_b0p7,full,42,bias,0.0,0.5,13,0.2,0.7,fpr_owa,1.2651689934985597,1.340754609269621,1.2510081640849386,1.9562212874413472,2.5391523953948094
full_seed42_bias_0p0_noise0p5_s13_a0p2_b0p7,full,42,bias,0.0,0.5,13,0.2,0.7,crp,1.4634594399031287,1.5874839380992645,1.3706125843999484,2.388836169992171,2.6969735256629037
full_seed42_bias_0p0_noise0p5_s5_a0p2_b0p7,full,42,bias,0.0,0.5,5,0.2,0.7,fpr_owa,1.7663549785759736,1.8352427039921135,1.7353897935097486,2.5297316606163123,3.0735129337104823
full_seed42_bias_0p0_noise0p5_s5_a0p2_b0p7,full,42,bias,0.0,0.5,5,0.2,0.7,crp,1.7392898756075297,1.8056696494329794,1.7754761758028725,2.4974307103702227,3.0281323556913127
full_seed42_bias_0p0_noise0p5_s9_a0p2_b0p7,full,42,bias,0.0,0.5,9,0.2,0.7,fpr_owa,1.7166312646319943,1.7837266978711785,1.6667549411243054,2.4252408629733706,2.9130770837817237
full_seed42_bias_0p0_noise0p5_s9_a0p2_b0p7,full,42,bias,0.0,0.5,9,0.2,0.7,crp,1.7048987250402186,1.7827481564984515,1.643378435158489,2.5269473801371687,2.9316928817631567
full_seed42_bias_0p1_noise0p1_s13_a0p2_b0p7,full,42,bias,0.1,0.1,13,0.2,0.7,fpr_owa,1.100679588611807,1.1382170060713972,1.0825862995128566,1.5749386050940166,1.6999793311916493
full_seed42_bias_0p1_noise0p1_s13_a0p2_b0p7,full,42,bias,0.1,0.1,13,0.2,0.7,crp,1.2637440467272834,1.4437151166892042,1.0825862995128566,2.4723423895596466,2.5865352941491744
full_seed42_bias_0p1_noise0p1_s5_a0p2_b0p7,full,42,bias,0.1,0.1,5,0.2,0.7,fpr_owa,1.7659881470137384,1.8341841107834418,1.6422287024709643,2.4841127883853624,2.582175321874684
full_seed42_bias_0p1_noise0p1_s5_a0p2_b0p7,full,42,bias,0.1,0.1,5,0.2,0.7,crp,1.7593015494586965,1.8278832315843752,1.6363627809129733,2.4841127883853624,2.582175321874684
full_seed42_bias_0p1_noise0p1_s9_a0p2_b0p7,full,42,bias,0.1,0.1,9,0.2,0.7,fpr_owa,1.7135554779198225,1.759053277349291,1.6166508763503677,2.359583409424745,2.5120531370564776
full_seed42_bias_0p1_noise0p1_s9_a0p2_b0p7,full,42,bias,0.1,0.1,9,0.2,0.7,crp,1.7889828660416678,1.851839754730494,1.666480603961963,2.486226627839904,2.6258607027034606
full_seed42_bias_0p1_noise0p25_s13_a0p2_b0p7,full,42,bias,0.1,0.25,13,0.2,0.7,fpr_owa,1.1275665820558223,1.1765830793380845,1.1105210975685447,1.665097330194273,1.9006810444329747
full_seed42_bias_0p1_noise0p25_s13_a0p2_b0p7,full,42,bias,0.1,0.25,13,0.2,0.7,crp,1.4175191816191768,1.5895291852962794,1.250682884918926,2.4703457680906906,2.6245051753707034
full_seed42_bias_0p1_noise0p25_s5_a0p2_b0p7,full,42,bias,0.1,0.25,5,0.2,0.7,fpr_owa,1.7534629815201765,1.8176348178843071,1.6702733419829094,2.4988352945612546,2.766426926313108
full_seed42_bias_0p1_noise0p25_s5_a0p2_b0p7,full,42,bias,0.1,0.25,5,0.2,0.7,crp,1.7518049575348011,1.8165824254218315,1.700688195934067,2.4900351843609374,2.766426926313108
full_seed42_bias_0p1_noise0p25_s9_a0p2_b0p7,full,42,bias,0.1,0.25,9,0.2,0.7,fpr_owa,1.697751497625077,1.74924917966126,1.605684180538338,2.3587571327857444,2.6593326846511403
full_seed42_bias_0p1_noise0p25_s9_a0p2_b0p7,full,42,bias,0.1,0.25,9,0.2,0.7,crp,1.742497444865341,1.8143474505550392,1.6542192657601755,2.482479375569588,2.6781427635213615
full_seed42_bias_0p1_noise0p5_s13_a0p2_b0p7,full,42,bias,0.1,0.5,13,0.2,0.7,fpr_owa,1.1900211045042468,1.2541837000180884,1.187986430322964,1.872390052094699,2.1447835628418845
full_seed42_bias_0p1_noise0p5_s13_a0p2_b0p7,full,42,bias,0.1,0.5,13,0.2,0.7,crp,1.4228622176394374,1.5468796232746993,1.3523464324270662,2.4172146092946294,2.6969735256629037
full_seed42_bias_0p1_noise0p5_s5_a0p2_b0p7,full,42,bias,0.1,0.5,5,0.2,0.7,fpr_owa,1.7663549785759736,1.8352427039921135,1.7353897935097486,2.5297316606163123,3.0735129337104823
full_seed42_bias_0p1_noise0p5_s5_a0p2_b0p7,full,42,bias,0.1,0.5,5,0.2,0.7,crp,1.7392898756075297,1.8056696494329794,1.7754761758028725,2.4974307103702227,3.0281323556913127
full_seed42_bias_0p1_noise0p5_s9_a0p2_b0p7,full,42,bias,0.1,0.5,9,0.2,0.7,fpr_owa,1.6897399944144247,1.755633501239277,1.653847352288372,2.3985752140720615,2.9130770837817237
full_seed42_bias_0p1_noise0p5_s9_a0p2_b0p7,full,42,bias,0.1,0.5,9,0.2,0.7,crp,1.6999626956129967,1.7773926458418379,1.6602519972265757,2.5272964310131982,2.786324731246564
full_seed42_bias_0p2_noise0p1_s13_a0p2_b0p7,full,42,bias,0.2,0.1,13,0.2,0.7,fpr_owa,0.99389753397637,1.0460788381455404,0.9288850178209953,1.5749386050940166,1.6999793311916493
full_seed42_bias_0p2_noise0p1_s13_a0p2_b0p7,full,42,bias,0.2,0.1,13,0.2,0.7,crp,0.9222221714010452,1.1855731923061719,0.8454810089646154,2.434033896825271,2.608289558686349
full_seed42_bias_0p2_noise0p1_s5_a0p2_b0p7,full,42,bias,0.2,0.1,5,0.2,0.7,fpr_owa,1.705992140709372,1.7713425715336781,1.5962048516684635,2.433318260702521,2.582175321874684
full_seed42_bias_0p2_noise0p1_s5_a0p2_b0p7,full,42,bias,0.2,0.1,5,0.2,0.7,crp,1.762688090598372,1.8336455185975828,1.6687258412297825,2.494535686262945,2.582175321874684
full_seed42_bias_0p2_noise0p1_s9_a0p2_b0p7,full,42,bias,0.2,0.1,9,0.2,0.7,fpr_owa,1.6224557906577324,1.671223580001463,1.5381505264792328,2.355383738183478,2.5120531370564776
full_seed42_bias_0p2_noise0p1_s9_a0p2_b0p7,full,42,bias,0.2,0.1,9,0.2,0.7,crp,1.7816222750163058,1.8538335339765628,1.666480603961963,2.4923426175698955,2.6258607027034606
full_seed42_bias_0p2_noise0p25_s13_a0p2_b0p7,full,42,bias,0.2,0.25,13,0.2,0.7,fpr_owa,1.0077263352978336,1.0729670752446043,0.9507012148886532,1.665097330194273,1.9006810444329747
full_seed42_bias_0p2_noise0p25_s13_a0p2_b0p7,full,42,bias,0.2,0.25,13,0.2,0.7,crp,1.1023267803008077,1.310376577363669,0.9600225668823141,2.435430632100603,2.7510241319887423
full_seed42_bias_0p2_noise0p25_s5_a0p2_b0p7,full,42,bias,0.2,0.25,5,0.2,0.7,fpr_owa,1.7048428297589846,1.7701857223971684,1.6540942696665015,2.4920939159600244,2.766426926313108
full_seed42_bias_0p2_noise0p25_s5_a0p2_b0p7,full,42,bias,0.2,0.25,5,0.2,0.7,crp,1.7448781509508535,1.81291046196254,1.6687424544556868,2.5480438099323535,2.766426926313108
full_seed42_bias_0p2_noise0p25_s9_a0p2_b0p7,full,42,bias,0.2,0.25,9,0.2,0.7,fpr_owa,1.61141378151082,1.666226294628791,1.5307110789186167,2.3612735410008123,2.9473204338711043
full_seed42_bias_0p2_noise0p25_s9_a0p2_b0p7,full,42,bias,0.2,0.25,9,0.2,0.7,crp,1.7454730166132297,1.8189313056547427,1.6691617273325812,2.5115628410046837,2.680221667297121
full_seed42_bias_0p2_noise0p5_s13_a0p2_b0p7,full,42,bias,0.2,0.5,13,0.2,0.7,fpr_owa,1.0696213045688263,1.1482389161042224,1.0853911429644496,1.84052683737967,2.1447835628418845
full_seed42_bias_0p2_noise0p5_s13_a0p2_b0p7,full,42,bias,0.2,0.5,13,0.2,0.7,crp,1.182221222859134,1.321398975733955,1.1311174478399004,2.2116344625235005,2.6969735256629037
full_seed42_bias_0p2_noise0p5_s5_a0p2_b0p7,full,42,bias,0.2,0.5,5,0.2,0.7,fpr_owa,1.7087370574043714,1.7808210958786366,1.6756932242404006,2.5192084854791053,3.0735129337104823
full_seed42_bias_0p2_noise0p5_s5_a0p2_b0p7,full,42,bias,0.2,0.5,5,0.2,0.7,crp,1.6970039050227357,1.7695425592227028,1.6875826605714572,2.5606287450613716,3.104029918068561
full_seed42_bias_0p2_noise0p5_s9_a0p2_b0p7,full,42,bias,0.2,0.5,9,0.2,0.7,fpr_owa,1.6415390108179069,1.7194080316666003,1.5754077955302728,2.5638648289380006,3.4174157131613505
full_seed42_bias_0p2_noise0p5_s9_a0p2_b0p7,full,42,bias,0.2,0.5,9,0.2,0.7,crp,1.705302864215176,1.7838940542555344,1.6660897652249216,2.515361413844262,3.1469692436896324
full_seed42_bias_0p3_noise0p1_s13_a0p2_b0p7,full,42,bias,0.3,0.1,13,0.2,0.7,fpr_owa,1.207653804735817,1.2333773627921205,1.2014935446786783,1.5877207692163904,1.735269545332903
full_seed42_bias_0p3_noise0p1_s13_a0p2_b0p7,full,42,bias,0.3,0.1,13,0.2,0.7,crp,0.9193278057121106,1.1847580357122065,0.9284986617898727,2.4093588187567505,2.608289558686349
full_seed42_bias_0p3_noise0p1_s5_a0p2_b0p7,full,42,bias,0.3,0.1,5,0.2,0.7,fpr_owa,2.3045336564327177,2.471398149836626,2.3478673089393656,3.8788769727516765,4.098232606103902
full_seed42_bias_0p3_noise0p1_s5_a0p2_b0p7,full,42,bias,0.3,0.1,5,0.2,0.7,crp,2.0967547112387885,2.2193186099638345,2.2218828394973036,3.505147293512692,3.7014709244667627
full_seed42_bias_0p3_noise0p1_s9_a0p2_b0p7,full,42,bias,0.3,0.1,9,0.2,0.7,fpr_owa,1.940304316447207,2.001135860271326,1.9549124604499006,2.7229573680115275,2.9022547170312354
full_seed42_bias_0p3_noise0p1_s9_a0p2_b0p7,full,42,bias,0.3,0.1,9,0.2,0.7,crp,1.8005713023943062,1.8659690594789498,1.7299857622829957,2.499009337773199,2.6503826555818333
full_seed42_bias_0p3_noise0p25_s13_a0p2_b0p7,full,42,bias,0.3,0.25,13,0.2,0.7,fpr_owa,1.2204045263159402,1.2608082624174113,1.2163770878740374,1.7080369595547615,1.902418724896079
full_seed42_bias_0p3_noise0p25_s13_a0p2_b0p7,full,42,bias,0.3,0.25,13,0.2,0.7,crp,1.1357948183166078,1.3384095080531726,1.1326037899435488,2.424912130284059,2.785348795165328
full_seed42_bias_0p3_noise0p25_s5_a0p2_b0p7,full,42,bias,0.3,0.25,5,0.2,0.7,fpr_owa,2.290019921452979,2.449931958812031,2.2727147852403995,3.7849220341879652,4.171349114159853
full_seed42_bias_0p3_noise0p25_s5_a0p2_b0p7,full,42,bias,0.3,0.25,5,0.2,0.7,crp,2.1184788251415023,2.2540433051166677,2.0657206693476855,3.5502638194154064,4.000482262798618
full_seed42_bias_0p3_noise0p25_s9_a0p2_b0p7,full,42,bias,0.3,0.25,9,0.2,0.7,fpr_owa,1.915437906103396,1.9789921942176405,1.8945556323138446,2.69654517364526,2.8989189656491687
full_seed42_bias_0p3_noise0p25_s9_a0p2_b0p7,full,42,bias,0.3,0.25,9,0.2,0.7,crp,1.7694712296882182,1.8392780196080336,1.710369511528866,2.5365351310527466,2.821441911668604
full_seed42_bias_0p3_noise0p5_s13_a0p2_b0p7,full,42,bias,0.3,0.5,13,0.2,0.7,fpr_owa,1.2843179339168993,1.3482207475739327,1.2421021007153716,1.9515518685496738,2.5850335784519767
full_seed42_bias_0p3_noise0p5_s13_a0p2_b0p7,full,42,bias,0.3,0.5,13,0.2,0.7,crp,1.2956130151914167,1.4196660355549484,1.2665367976888997,2.3033656873750887,2.6969735256629037
full_seed42_bias_0p3_noise0p5_s5_a0p2_b0p7,full,42,bias,0.3,0.5,5,0.2,0.7,fpr_owa,2.2538828212636024,2.40388151337754,2.141788416755472,3.76211692078567,4.283367943056219
full_seed42_bias_0p3_noise0p5_s5_a0p2_b0p7,full,42,bias,0.3,0.5,5,0.2,0.7,crp,2.1411368293181514,2.2893733259787403,2.0339276382854337,3.5503289162691454,4.283367943056219
full_seed42_bias_0p3_noise0p5_s9_a0p2_b0p7,full,42,bias,0.3,0.5,9,0.2,0.7,fpr_owa,1.916841568192656,2.0046785074816147,1.8613825731378397,2.844760097137015,4.058840010850371
full_seed42_bias_0p3_noise0p5_s9_a0p2_b0p7,full,42,bias,0.3,0.5,9,0.2,0.7,crp,1.8145310703991198,1.9121335639948591,1.7210262165795465,2.7138084917507967,4.058840010850371
full_seed42_bias_0p4_noise0p1_s13_a0p2_b0p7,full,42,bias,0.4,0.1,13,0.2,0.7,fpr_owa,1.5222458810462507,1.601131292949359,1.524244863832195,2.264640449960412,2.4271773397410685
full_seed42_bias_0p4_noise0p1_s13_a0p2_b0p7,full,42,bias,0.4,0.1,13,0.2,0.7,crp,1.0688291019788652,1.4958516372186643,0.9571238607669437,2.4723423895596466,6.522712190166968
full_seed42_bias_0p4_noise0p1_s5_a0p2_b0p7,full,42,bias,0.4,0.1,5,0.2,0.7,fpr_owa,2.3045336564327177,2.471398149836626,2.3478673089393656,3.8788769727516765,4.098232606103902
full_seed42_bias_0p4_noise0p1_s5_a0p2_b0p7,full,42,bias,0.4,0.1,5,0.2,0.7,crp,2.0967547112387885,2.2193186099638345,2.2218828394973036,3.505147293512692,3.7014709244667627
full_seed42_bias_0p4_noise0p1_s9_a0p2_b0p7,full,42,bias,0.4,0.1,9,0.2,0.7,fpr_owa,2.2882989179550255,2.429456257701526,2.2636533973127504,3.6056287396968876,3.83893091644921
full_seed42_bias_0p4_noise0p1_s9_a0p2_b0p7,full,42,bias,0.4,0.1,9,0.2,0.7,crp,2.416599910541493,2.709618756997906,2.309688939935272,6.228823850893919,6.544902933224056
full_seed42_bias_0p4_noise0p25_s13_a0p2_b0p7,full,42,bias,0.4,0.25,13,0.2,0.7,fpr_owa,1.512169320992462,1.5985232896678137,1.5873364026092212,2.3316661074689335,2.5886269454551774
full_seed42_bias_0p4_noise0p25_s13_a0p2_b0p7,full,42,bias,0.4,0.25,13,0.2,0.7,crp,1.3953398492517244,1.6753048094959546,1.301664263908858,2.5317217829924616,6.334909242595469
full_seed42_bias_0p4_noise0p25_s5_a0p2_b0p7,full,42,bias,0.4,0.25,5,0.2,0.7,fpr_owa,2.290019921452979,2.449931958812031,2.2727147852403995,3.7849220341879652,4.171349114159853
full_seed42_bias_0p4_noise0p25_s5_a0p2_b0p7,full,42,bias,0.4,0.25,5,0.2,0.7,crp,2.1184788251415023,2.2540433051166677,2.0657206693476855,3.5502638194154064,4.000482262798618
full_seed42_bias_0p4_noise0p25_s9_a0p2_b0p7,full,42,bias,0.4,0.25,9,0.2,0.7,fpr_owa,2.2775415247578366,2.4322899210155717,2.235008237733159,3.5802733525479304,4.960055080868219
full_seed42_bias_0p4_noise0p25_s9_a0p2_b0p7,full,42,bias,0.4,0.25,9,0.2,0.7,crp,2.3559985678442,2.603492658945983,2.1985051420019106,4.6188736817258365,6.371114694341228
full_seed42_bias_0p4_noise0p5_s13_a0p2_b0p7,full,42,bias,0.4,0.5,13,0.2,0.7,fpr_owa,1.554891547556589,1.6624277947716988,1.5149196640231195,2.5965970784669277,3.7477588006639664
full_seed42_bias_0p4_noise0p5_s13_a0p2_b0p7,full,42,bias,0.4,0.5,13,0.2,0.7,crp,1.558945292813551,1.697658899085044,1.571873994678258,2.5965970784669277,3.7477588006639664
full_seed42_bias_0p4_noise0p5_s5_a0p2_b0p7,full,42,bias,0.4,0.5,5,0.2,0.7,fpr_owa,2.2538828212636024,2.40388151337754,2.141788416755472,3.76211692078567,4.283367943056219
full_seed42_bias_0p4_noise0p5_s5_a0p2_b0p7,full,42,bias,0.4,0.5,5,0.2,0.7,crp,2.1411368293181514,2.2893733259787403,2.0339276382854337,3.5503289162691454,4.283367943056219
full_seed42_bias_0p4_noise0p5_s9_a0p2_b0p7,full,42,bias,0.4,0.5,9,0.2,0.7,fpr_owa,2.309459860599249,2.4978908847343164,2.1755018434436604,4.202460803484763,4.9477288997392606
full_seed42_bias_0p4_noise0p5_s9_a0p2_b0p7,full,42,bias,0.4,0.5,9,0.2,0.7,crp,2.2820413073861943,2.485572556702233,2.1273217875713195,4.225103346577349,5.488689015370118
