seed,scenario_index,attack,intensity,condition,tick,true_temperature_c,estimate_c,estimator_error_c,ambient_c,load_c_per_step,fan_before,fan_after,executed_action,action_source,verifier_accepted,rejection_reasons,fallback,anomaly_count,confidence,predicted_candidate_next_c,predicted_maintain_next_c,next_true_temperature_c,crp_rounds,crp_converged,crp_excluded,crp_latency_seconds,runtime_step_latency_seconds,attack_active
101,0,nominal,none,fpr_crp,0,30.0,30.072389777131047,0.07238977713104688,26.0,0.7,0.5,0.5,maintain,supervisor,True,,,0,0.9728754047045549,30.00659859496056,30.00659859496056,30.00337974621154,1,True,0,0.0002585025504231453,0.00018332619220018387,False
101,0,nominal,none,fpr_crp,1,30.00337974621154,29.974484951653913,-0.028894794557626113,26.0,0.7,0.5,0.5,maintain,supervisor,True,,,0,0.9421231692819091,29.9165261555216,29.9165261555216,29.976254104379787,1,True,0,0.00019012391567230225,0.00013281498104333878,False
101,0,nominal,none,fpr_crp,2,29.976254104379787,30.041387004174723,0.06513289979493564,26.0,0.7,0.5,0.5,maintain,supervisor,True,,,0,0.9598312691979624,29.978076043840744,29.978076043840744,29.948716042125046,1,True,0,0.00016697589308023453,0.0001294352114200592,False
101,0,nominal,none,fpr_crp,3,29.948716042125046,29.864751265531464,-0.08396477659358226,26.0,0.7,0.5,0.5,maintain,supervisor,True,,,0,0.9594900427800133,29.815571164288944,29.815571164288944,29.95450336520755,1,True,0,0.000184536911547184,0.00013653002679347992,False
101,0,nominal,none,fpr_crp,4,29.95450336520755,30.009272771337336,0.05476940612978609,26.0,0.7,0.5,0.5,maintain,supervisor,True,,,0,0.9295294032582923,29.948530949630346,29.948530949630346,29.947739389614686,1,True,0,0.00018612388521432877,0.00013304408639669418,False
101,0,nominal,none,fpr_crp,5,29.947739389614686,29.950277047514973,0.002537657900287371,26.0,0.7,0.5,0.5,maintain,supervisor,True,,,0,0.9562421260212637,29.894254883713774,29.894254883713774,29.954371565477743,1,True,0,0.00017236173152923584,0.0001297416165471077,False
101,0,nominal,none,fpr_crp,6,29.954371565477743,29.910443549433815,-0.04392801604392815,26.0,0.7,0.5,0.5,maintain,supervisor,True,,,0,0.9700428281306829,29.85760806547911,29.85760806547911,29.928652924276925,1,True,0,0.00016150623559951782,0.0001279963180422783,False
101,0,nominal,none,fpr_crp,7,29.928652924276925,29.80789563034563,-0.12075729393129464,26.0,0.7,0.5,0.5,maintain,supervisor,True,,,0,0.9528553312529114,29.763263979917976,29.763263979917976,29.93077860994807,1,True,0,0.00017347652465105057,0.0001363782212138176,False
101,0,nominal,none,fpr_crp,8,29.93077860994807,29.881136355069167,-0.04964225487890417,26.0,0.7,0.5,0.5,maintain,supervisor,True,,,0,0.9354415634539239,29.83064544666363,29.83064544666363,29.90989594319718,1,True,0,0.00017110537737607956,0.0001231711357831955,False
101,0,nominal,none,fpr_crp,9,29.90989594319718,29.791296263590738,-0.11859967960644369,26.0,0.7,0.5,0.5,maintain,supervisor,True,,,0,0.9435356696150278,29.747992562503477,29.747992562503477,29.875116987458473,1,True,0,0.0001569986343383789,0.00011686515063047409,False
101,0,nominal,none,fpr_crp,10,29.875116987458473,29.841759840746306,-0.0333571467121665,26.0,0.7,0.5,0.5,maintain,supervisor,True,,,0,0.9698466930464572,29.7944190534866,29.7944190534866,29.895700923470695,1,True,0,0.00016147922724485397,0.00011561904102563858,False
101,0,nominal,none,fpr_crp,11,29.895700923470695,29.930551152879108,0.03485022940841276,26.0,0.7,0.5,0.5,maintain,supervisor,True,,,0,0.9702358390518564,29.876107060648778,29.876107060648778,29.876424853146666,1,True,0,0.0001479797065258026,0.00011622998863458633,False
101,0,nominal,none,fpr_crp,12,29.876424853146666,29.859062458915076,-0.017362394231589917,26.0,0.7,0.5,0.5,maintain,supervisor,True,,,0,0.9642671874210182,29.81033746220187,29.81033746220187,29.859198830461796,1,True,0,0.00017398875206708908,0.00011595245450735092,False
101,0,nominal,none,fpr_crp,13,29.859198830461796,29.864215384890397,0.005016554428600273,26.0,0.7,0.5,0.5,maintain,supervisor,True,,,0,0.9540872610979556,29.81507815409916,29.81507815409916,29.834912235797884,1,True,0,0.00016088876873254776,0.00012491736561059952,False
101,0,nominal,none,fpr_crp,14,29.834912235797884,30.11358685465412,0.2786746188562361,26.0,0.7,0.5,0.5,maintain,supervisor,True,,,0,0.9243342754544135,30.04449990628179,30.04449990628179,29.823152126239133,1,True,0,0.00015647057443857193,0.00011449120938777924,False
101,0,nominal,none,fpr_crp,15,29.823152126239133,29.655413064720417,-0.16773906151871643,26.0,0.7,0.5,0.5,maintain,supervisor,True,,,0,0.9556511114044847,29.62298001954278,29.62298001954278,29.830473427047526,1,True,0,0.00015922356396913528,0.00012998748570680618,False
101,0,nominal,none,fpr_crp,16,29.830473427047526,29.890442494377712,0.059969067330186476,26.0,0.7,0.5,0.5,maintain,supervisor,True,,,0,0.9485751220117782,29.839207094827493,29.839207094827493,29.821399036676155,1,True,0,0.000164886936545372,0.0001344652846455574,False
101,0,nominal,none,fpr_crp,17,29.821399036676155,29.978236666592252,0.1568376299160974,26.0,0.7,0.5,0.5,maintain,supervisor,True,,,0,0.9449593973728674,29.91997773326487,29.91997773326487,29.807292663039366,1,True,0,0.00016359053552150726,0.00011945702135562897,False
101,0,nominal,none,fpr_crp,18,29.807292663039366,29.704555133151768,-0.1027375298875981,26.0,0.7,0.5,0.5,maintain,supervisor,True,,,0,0.9456904265968602,29.668190722499624,29.668190722499624,29.809250287133434,1,True,0,0.00015682727098464966,0.0001162458211183548,False
101,0,nominal,none,fpr_crp,19,29.809250287133434,29.724236201979583,-0.08501408515385123,26.0,0.7,0.5,0.5,maintain,supervisor,True,,,0,0.9337378515988968,29.686297305821213,29.686297305821213,29.847702794673467,1,True,0,0.00016376376152038574,0.00013206060975790024,False
101,0,nominal,none,fpr_crp,20,29.847702794673467,30.027077053873708,0.17937425920024097,26.0,0.7,0.5,0.5,maintain,supervisor,True,,,0,0.944571627018996,29.964910889563807,29.964910889563807,29.817405486359643,1,True,0,0.00017387047410011292,0.00012670177966356277,False
101,0,nominal,none,fpr_crp,21,29.817405486359643,29.788590703053046,-0.028814783306597036,26.0,0.7,0.5,0.5,maintain,supervisor,True,,,0,0.9502984002201504,29.7455034468088,29.7455034468088,29.799090004953417,1,True,0,0.00015742890536785126,0.0001234598457813263,False
101,0,nominal,none,fpr_crp,22,29.799090004953417,29.823997152374364,0.02490714742094724,26.0,0.7,0.5,0.5,maintain,supervisor,True,,,0,0.9460601866229958,29.778077380184413,29.778077380184413,29.821430335047985,1,True,0,0.0001545799896121025,0.00012339279055595398,False
101,0,nominal,none,fpr_crp,23,29.821430335047985,29.90956811032322,0.0881377752752357,26.0,0.7,0.5,0.5,maintain,supervisor,True,,,0,0.9468353683930827,29.856802661497362,29.856802661497362,29.802997321011492,1,True,0,0.00017984304577112198,0.00011856202036142349,False
101,0,nominal,none,fpr_crp,24,29.802997321011492,29.784316809254438,-0.01868051175705432,26.0,0.7,0.5,0.5,maintain,supervisor,True,,,0,0.9582248412264458,29.74157146451408,29.74157146451408,29.788811539282875,1,True,0,0.00015988852828741074,0.00011914409697055817,False
101,0,nominal,none,fpr_crp,25,29.788811539282875,29.852954692976155,0.06414315369327994,26.0,0.7,0.5,0.5,maintain,supervisor,True,,,0,0.9452161504959826,29.80471831753806,29.80471831753806,29.78655681300283,1,True,0,0.00016813166439533234,0.00011801440268754959,False
101,0,nominal,none,fpr_crp,26,29.78655681300283,29.70472844454115,-0.08182836846167874,26.0,0.7,0.5,0.5,maintain,supervisor,True,,,0,0.9594400943721547,29.668350168977856,29.668350168977856,29.754950553715574,1,True,0,0.00015874672681093216,0.00012653972953557968,False
101,0,nominal,none,fpr_crp,27,29.754950553715574,29.905414876142196,0.15046432242662178,26.0,0.7,0.5,0.5,maintain,supervisor,True,,,0,0.9529710762670667,29.852981686050818,29.852981686050818,29.777149961775535,1,True,0,0.00015696045011281967,0.00011492148041725159,False
101,0,nominal,none,fpr_crp,28,29.777149961775535,29.76489654567697,-0.01225341609856656,26.0,0.7,0.5,0.5,maintain,supervisor,True,,,0,0.9540265995449536,29.72370482202281,29.72370482202281,29.77100692711048,1,True,0,0.00015409383922815323,0.00011557340621948242,False
101,0,nominal,none,fpr_crp,29,29.77100692711048,29.706633065487594,-0.06437386162288661,26.0,0.7,0.5,0.5,maintain,supervisor,True,,,0,0.9533753811700189,29.670102420248586,29.670102420248586,29.74860082473446,1,True,0,0.0001551210880279541,0.00012694671750068665,False
101,0,nominal,none,fpr_crp,30,29.74860082473446,29.82953073098877,0.08092990625430829,26.0,0.7,0.5,0.5,maintain,supervisor,True,,,0,0.974994585502897,29.783168272509666,29.783168272509666,29.724739892923306,1,True,0,0.00016848836094141006,0.0001210952177643776,False
101,0,nominal,none,fpr_crp,31,29.724739892923306,29.757038500754845,0.03229860783153882,26.0,0.7,0.5,0.5,maintain,supervisor,True,,,0,0.9729362917462596,29.716475420694454,29.716475420694454,29.75070461810685,1,True,0,0.00015808548778295517,0.00011873524636030197,False
101,0,nominal,none,fpr_crp,32,29.75070461810685,29.704168752916605,-0.046535865190246994,26.0,0.7,0.5,0.5,maintain,supervisor,True,,,0,0.9539482520156272,29.667835252683275,29.667835252683275,29.786038655497293,1,True,0,0.00015337858349084854,0.00011683069169521332,False
101,0,nominal,none,fpr_crp,33,29.786038655497293,29.726721671031562,-0.05931698446573108,26.0,0.7,0.5,0.5,maintain,supervisor,True,,,0,0.9411753224314781,29.688583937349037,29.688583937349037,29.772024383979783,1,True,0,0.00016408320516347885,0.00011483952403068542,False
101,0,nominal,none,fpr_crp,34,29.772024383979783,29.765195154763777,-0.006829229216005928,26.0,0.7,0.5,0.5,maintain,supervisor,True,,,0,0.9431868912938524,29.723979542382672,29.723979542382672,29.792893285891616,1,True,0,0.00015253107994794846,0.0001223832368850708,False
101,0,nominal,none,fpr_crp,35,29.792893285891616,29.82065832970743,0.02776504381581546,26.0,0.7,0.5,0.5,maintain,supervisor,True,,,0,0.9570840985063563,29.775005663330834,29.775005663330834,29.795164796069564,1,True,0,0.00016483664512634277,0.0001226356253027916,False
101,0,nominal,none,fpr_crp,36,29.795164796069564,29.80185185768534,0.006687061615775036,26.0,0.7,0.5,0.5,maintain,supervisor,True,,,0,0.9565779397665229,29.75770370907051,29.75770370907051,29.774353835139937,1,True,0,0.00016853399574756622,0.00011880230158567429,False
101,0,nominal,none,fpr_crp,37,29.774353835139937,29.704487412349376,-0.06986642279056099,26.0,0.7,0.5,0.5,maintain,supervisor,True,,,0,0.9544112576399537,29.668128419361423,29.668128419361423,29.740368205153906,1,True,0,0.00016049761325120926,0.00011740811169147491,False
101,0,nominal,none,fpr_crp,38,29.740368205153906,29.657043062206206,-0.08332514294770021,26.0,0.7,0.5,0.5,maintain,supervisor,True,,,0,0.9585336221900344,29.624479617229706,29.624479617229706,29.75949217449277,1,True,0,0.00015998445451259613,0.00012564565986394882,False
101,0,nominal,none,fpr_crp,39,29.75949217449277,29.909893763066872,0.1504015885741019,26.0,0.7,0.5,0.5,maintain,supervisor,True,,,0,0.9429922592154613,29.85710226202152,29.85710226202152,29.790616736711875,1,True,0,0.00015803426504135132,0.00012895651161670685,False
101,0,nominal,none,fpr_crp,40,29.790616736711875,29.827284032020067,0.03666729530819168,26.0,0.7,0.5,0.5,maintain,supervisor,True,,,0,0.9602210723672469,29.78110130945846,29.78110130945846,29.800605000831716,1,True,0,0.00015348754823207855,0.00012092944234609604,False
101,0,nominal,none,fpr_crp,41,29.800605000831716,29.815813874051564,0.015208873219847874,26.0,0.7,0.5,0.5,maintain,supervisor,True,,,0,0.9606308846636319,29.770548764127437,29.770548764127437,29.794748305122745,1,True,0,0.0001515829935669899,0.00011586770415306091,False
101,0,nominal,none,fpr_crp,42,29.794748305122745,29.936367430288072,0.14161912516532738,26.0,0.7,0.5,0.5,maintain,supervisor,True,,,0,0.9583522214333189,29.881458035865023,29.881458035865023,29.77539159099049,1,True,0,0.0001577986404299736,0.00012650620192289352,False
101,0,nominal,none,fpr_crp,43,29.77539159099049,29.871864724794506,0.09647313380401457,26.0,0.7,0.5,0.5,maintain,supervisor,True,,,0,0.9494927933784888,29.82211554681094,29.82211554681094,29.76326588278957,1,True,0,0.0001773955300450325,0.00012178812175989151,False
101,0,nominal,none,fpr_crp,44,29.76326588278957,29.802253454509277,0.038987571719705016,26.0,0.7,0.5,0.5,maintain,supervisor,True,,,0,0.9705859231327987,29.758073178148532,29.758073178148532,29.761302425250726,1,True,0,0.00016063451766967773,0.00012361817061901093,False
101,0,nominal,none,fpr_crp,45,29.761302425250726,29.818454711187048,0.057152285936322045,26.0,0.7,0.5,0.5,maintain,supervisor,True,,,0,0.9384210622908616,29.77297833429208,29.77297833429208,29.72489650464823,1,True,0,0.00015770923346281052,0.00012572109699249268,False
101,0,nominal,none,fpr_crp,46,29.72489650464823,29.69332417674005,-0.03157232790817943,26.0,0.7,0.5,0.5,maintain,supervisor,True,,,0,0.9390104169705101,29.65785824260084,29.65785824260084,29.747234038983834,1,True,0,0.00017182901501655579,0.00013616401702165604,False
101,0,nominal,none,fpr_crp,47,29.747234038983834,29.78995657207814,0.04272253309430596,26.0,0.7,0.5,0.5,maintain,supervisor,True,,,0,0.9560532857449839,29.746760046311888,29.746760046311888,29.76178312389728,1,True,0,0.00018312223255634308,0.00013170205056667328,False
101,0,nominal,none,fpr_crp,48,29.76178312389728,29.726107216408316,-0.03567590748896521,26.0,0.7,0.5,0.5,maintain,supervisor,True,,,0,0.9615830869198333,29.68801863909565,29.68801863909565,29.745312323098624,1,True,0,0.00017523299902677536,0.00012994743883609772,False
101,0,nominal,none,fpr_crp,49,29.745312323098624,29.853590872500792,0.10827854940216852,26.0,0.7,0.5,0.5,maintain,supervisor,True,,,0,0.938810450012613,29.805303602700725,29.805303602700725,29.734415431412167,1,True,0,0.00018242653459310532,0.0001298198476433754,False
101,0,nominal,none,fpr_crp,50,29.734415431412167,29.756994667673272,0.02257923626110525,26.0,0.7,0.5,0.5,maintain,supervisor,True,,,0,0.9593127060470903,29.71643509425941,29.71643509425941,29.744561660350897,1,True,0,0.0001862524077296257,0.000128256157040596,False
101,0,nominal,none,fpr_crp,51,29.744561660350897,29.60792231835028,-0.1366393420006169,26.0,0.7,0.5,0.5,maintain,supervisor,True,,,0,0.943191317883746,29.579288532882256,29.579288532882256,29.769922612530504,1,True,0,0.00017283018678426743,0.00012589991092681885,False
101,0,nominal,none,fpr_crp,52,29.769922612530504,29.69412648657991,-0.0757961259505926,26.0,0.7,0.5,0.5,maintain,supervisor,True,,,0,0.9605007024110466,29.658596367653516,29.658596367653516,29.791234691731255,1,True,0,0.00017938483506441116,0.00012866780161857605,False
101,0,nominal,none,fpr_crp,53,29.791234691731255,29.73902943448354,-0.05220525724771363,26.0,0.7,0.5,0.5,maintain,supervisor,True,,,0,0.9413538786167636,29.699907079724856,29.699907079724856,29.767595249598457,1,True,0,0.00016850419342517853,0.00012774206697940826,False
101,0,nominal,none,fpr_crp,54,29.767595249598457,29.91557486477314,0.14797961517468394,26.0,0.7,0.5,0.5,maintain,supervisor,True,,,0,0.9483163409199302,29.862328875591288,29.862328875591288,29.774713525298708,1,True,0,0.00018741562962532043,0.00012970436364412308,False
101,0,nominal,none,fpr_crp,55,29.774713525298708,29.707495875799328,-0.06721764949937992,26.0,0.7,0.5,0.5,maintain,supervisor,True,,,0,0.9646163571635571,29.670896205735378,29.670896205735378,29.771517356684143,1,True,0,0.00019557122141122818,0.00013120565563440323,False
101,0,nominal,none,fpr_crp,56,29.771517356684143,29.86782199838103,0.0963046416968858,26.0,0.7,0.5,0.5,maintain,supervisor,True,,,0,0.9609706050370472,29.818396238510545,29.818396238510545,29.747152279441465,1,True,0,0.00017431750893592834,0.0001313546672463417,False
101,0,nominal,none,fpr_crp,57,29.747152279441465,29.791121131292286,0.043968851850820556,26.0,0.7,0.5,0.5,maintain,supervisor,True,,,0,0.9691439435193039,29.7478314407889,29.7478314407889,29.73100608154432,1,True,0,0.00017226021736860275,0.0001325523480772972,False
101,0,nominal,none,fpr_crp,58,29.73100608154432,29.76011743414661,0.029111352602292584,26.0,0.7,0.5,0.5,maintain,supervisor,True,,,0,0.9510255648867167,29.71930803941488,29.71930803941488,29.753649183512096,1,True,0,0.00019657891243696213,0.00013845786452293396,False
101,0,nominal,none,fpr_crp,59,29.753649183512096,29.798572907782486,0.04492372427039015,26.0,0.7,0.5,0.5,maintain,supervisor,True,,,0,0.9282261354854122,29.754687075159886,29.754687075159886,29.770758374773074,1,True,0,0.00016881898045539856,0.00013005733489990234,False
101,0,nominal,none,fpr_crp,60,29.770758374773074,29.862667122364424,0.0919087475913507,27.0,0.85,0.5,0.5,maintain,supervisor,True,,,0,0.9522535884354857,30.04365375257527,30.04365375257527,29.990455487755003,1,True,0,0.000170108862221241,0.00012879446148872375,False
101,0,nominal,none,fpr_crp,61,29.990455487755003,30.136422527926143,0.14596704017113993,27.0,0.85,0.5,0.5,maintain,supervisor,True,,,0,0.935269882457752,30.295508725692052,30.295508725692052,30.18589985337241,1,True,0,0.00017381645739078522,0.0001273052766919136,False
101,0,nominal,none,fpr_crp,62,30.18589985337241,30.106483048370734,-0.07941680500167436,27.0,0.85,0.5,0.5,maintain,supervisor,True,,,0,0.9320892046092817,30.267964404501075,30.267964404501075,30.394896288003075,1,True,0,0.0001577204093337059,0.0001201508566737175,False
101,0,nominal,none,fpr_crp,63,30.394896288003075,30.292900967454578,-0.10199532054849669,27.0,0.85,0.5,0.5,maintain,supervisor,True,,,0,0.9175251776187974,30.43946889005821,30.43946889005821,30.569617485158705,1,True,0,0.00015379488468170166,0.00011922884732484818,False
101,0,nominal,none,fpr_crp,64,30.569617485158705,30.444045978758005,-0.12557150640069992,27.0,0.85,0.5,0.6,increase_fan_speed,supervisor,True,,,0,0.9024161306060089,30.490522300457368,30.578522300457365,30.694007025611405,1,True,0,0.00016579218208789825,0.00012517161667346954,False
101,0,nominal,none,fpr_crp,65,30.694007025611405,30.73393936164266,0.0399323360312529,27.0,0.85,0.6,0.7,increase_fan_speed,supervisor,True,,,0,0.9007209753611192,30.669224212711246,30.757224212711247,30.68957966870118,1,True,0,0.00017172470688819885,0.00012460630387067795,False
101,0,nominal,none,fpr_crp,66,30.68957966870118,30.60283279050248,-0.08674687819870286,27.0,0.85,0.7,0.7999999999999999,increase_fan_speed,supervisor,True,,,0,0.9446659254460441,30.46060616726228,30.54860616726228,30.6342470033084,1,True,0,0.00016156211495399475,0.00012029241770505905,False
101,0,nominal,none,fpr_crp,67,30.6342470033084,30.787035749681678,0.15278874637327888,27.0,0.85,0.7999999999999999,0.8999999999999999,increase_fan_speed,supervisor,True,,,0,0.9248653829365262,30.542072889707143,30.630072889707144,30.50411261957031,1,True,0,0.0001606019213795662,0.00013199541717767715,False
101,0,nominal,none,fpr_crp,68,30.50411261957031,30.587500696682298,0.08338807711198726,27.0,0.85,0.8999999999999999,0.9999999999999999,increase_fan_speed,supervisor,True,,,0,0.9432556361636113,30.270500640947716,30.358500640947714,30.298072914442415,1,True,0,0.00015755370259284973,0.0001199580729007721,False
101,0,nominal,none,fpr_crp,69,30.298072914442415,30.247997927397066,-0.05007498704534896,27.0,0.85,0.9999999999999999,0.9999999999999999,maintain,supervisor,True,,,0,0.9436185585518442,29.958158093205302,29.958158093205302,30.09629692336161,1,True,0,0.00017320457845926285,0.0001233825460076332,False
101,0,nominal,none,fpr_crp,70,30.09629692336161,30.080524943905935,-0.015771979455674767,27.0,0.85,0.9999999999999999,0.9999999999999999,maintain,supervisor,True,,,0,0.9032934247521498,29.804082948393464,29.804082948393464,29.908387361304115,1,True,0,0.00015903636813163757,0.00012696720659732819,False
101,0,nominal,none,fpr_crp,71,29.908387361304115,29.937529250681717,0.02914188937760187,27.0,0.85,0.9999999999999999,0.9999999999999999,maintain,supervisor,True,,,0,0.9230771426733545,29.67252691062718,29.67252691062718,29.69576915777704,1,True,0,0.00016788579523563385,0.00012869108468294144,False
101,0,nominal,none,fpr_crp,72,29.69576915777704,29.816545899382113,0.12077674160507357,27.0,0.85,0.9999999999999999,0.9999999999999999,maintain,supervisor,True,,,0,0.9109101842440072,29.561222227431546,29.561222227431546,29.54293089486166,1,True,0,0.00016621407121419907,0.0001346031203866005,False
101,0,nominal,none,fpr_crp,73,29.54293089486166,29.476969489767168,-0.065961405094491,27.0,0.85,0.9999999999999999,0.9999999999999999,maintain,supervisor,True,,,0,0.9113885223789983,29.248811930585795,29.248811930585795,29.43135754990106,1,True,0,0.0001779673621058464,0.0001435745507478714,False
101,0,nominal,none,fpr_crp,74,29.43135754990106,29.51623157481567,0.08487402491461182,27.0,0.85,0.9999999999999999,0.9999999999999999,maintain,supervisor,True,,,0,0.9214689694085548,29.284933048830418,29.284933048830418,29.280343883098936,1,True,0,0.00017291121184825897,0.00013077165931463242,False
101,0,nominal,none,fpr_crp,75,29.280343883098936,29.262894614512867,-0.017449268586069877,27.0,0.85,0.9999999999999999,0.8999999999999999,decrease_fan_speed,supervisor,True,,,0,0.901963530989858,29.139863045351838,29.05186304535184,29.216147850138206,1,True,0,0.00017053447663784027,0.00013718940317630768,False
101,0,nominal,none,fpr_crp,76,29.216147850138206,29.263013100674925,0.04686525053671886,27.0,0.85,0.8999999999999999,0.8999999999999999,maintain,supervisor,True,,,0,0.9237258675393183,29.13997205262093,29.13997205262093,29.155835964271205,1,True,0,0.00019227992743253708,0.00016213953495025635,False
101,0,nominal,none,fpr_crp,77,29.155835964271205,29.20738637378183,0.05155040951062517,27.0,0.85,0.8999999999999999,0.8999999999999999,maintain,supervisor,True,,,0,0.941945627870652,29.088795463879283,29.088795463879283,29.097399824986653,1,True,0,0.00017758551985025406,0.00012871623039245605,False
101,0,nominal,none,fpr_crp,78,29.097399824986653,29.001725517691163,-0.09567430729548931,27.0,0.85,0.8999999999999999,0.7999999999999999,decrease_fan_speed,supervisor,True,,,0,0.9313350070919691,28.98758747627587,28.89958747627587,29.14798069181454,1,True,0,0.0001698499545454979,0.00013011042028665543,False
101,0,nominal,none,fpr_crp,79,29.14798069181454,29.03022324385847,-0.11775744795606968,27.0,0.85,0.7999999999999999,0.7999999999999999,maintain,supervisor,True,,,0,0.933494312859993,29.01380538434979,29.01380538434979,29.14681901302828,1,True,0,0.00016877613961696625,0.00014160294085741043,False
101,0,nominal,none,fpr_crp,80,29.14681901302828,29.17460206824123,0.027783055212950103,27.0,0.85,0.7999999999999999,0.7999999999999999,maintain,supervisor,True,,,0,0.96776819318251,29.146633902781932,29.146633902781932,29.20568563601019,1,True,0,0.00018952134996652603,0.00013102032244205475,False
101,0,nominal,none,fpr_crp,81,29.20568563601019,29.04052926621683,-0.1651563697933618,27.0,0.85,0.7999999999999999,0.7,decrease_fan_speed,supervisor,True,,,0,0.9597008950918292,29.111286924919483,29.023286924919482,29.309307863161262,1,True,0,0.00017819367349147797,0.00013000890612602234,False
101,0,nominal,none,fpr_crp,82,29.309307863161262,29.279833527292862,-0.029474335868400203,27.0,0.85,0.7,0.7,maintain,supervisor,True,,,0,0.9700775026807253,29.331446845109436,29.331446845109436,29.35791867371277,1,True,0,0.000170254148542881,0.00013856962323188782,False
101,0,nominal,none,fpr_crp,83,29.35791867371277,29.269921823813494,-0.0879968498992767,27.0,0.85,0.7,0.7,maintain,supervisor,True,,,0,0.9666710542325568,29.322328077908416,29.322328077908416,29.46157286687455,1,True,0,0.00016628112643957138,0.00013356376439332962,False
101,0,nominal,none,fpr_crp,84,29.46157286687455,29.373132804091103,-0.08844006278344807,27.0,0.85,0.7,0.6,decrease_fan_speed,supervisor,True,,,0,0.9592872396577766,29.505282179763817,29.417282179763816,29.660029533052967,1,True,0,0.00017805024981498718,0.00019744876772165298,False
101,0,nominal,none,fpr_crp,85,29.660029533052967,29.565420809339013,-0.09460872371395368,27.0,0.85,0.6,0.6,maintain,supervisor,True,,,0,0.9400702297308408,29.682187144591897,29.682187144591897,29.86338766474058,1,True,0,0.0002109808847308159,0.000144273042678833,False
101,0,nominal,none,fpr_crp,86,29.86338766474058,29.86897306427129,0.005585399530712465,27.0,0.85,0.6,0.6,maintain,supervisor,True,,,0,0.9152915926855195,29.96145521912959,29.96145521912959,29.964787330718725,1,True,0,0.00018745940178632736,0.00013784319162368774,False
101,0,nominal,none,fpr_crp,87,29.964787330718725,30.030259278740953,0.06547194802222833,27.0,0.85,0.6,0.6,maintain,supervisor,True,,,0,0.9236878559120686,30.10983853644168,30.10983853644168,30.06978101972173,1,True,0,0.00018434599041938782,0.00014348793774843216,False
101,0,nominal,none,fpr_crp,88,30.06978101972173,30.168292655618348,0.09851163589661738,27.0,0.85,0.6,0.6,maintain,supervisor,True,,,0,0.9132926669239413,30.236829243168884,30.236829243168884,30.19498103828492,1,True,0,0.00021216459572315216,0.00014557503163814545,False
101,0,nominal,none,fpr_crp,89,30.19498103828492,30.15831081989502,-0.03667021838989726,27.0,0.85,0.6,0.6,maintain,supervisor,True,,,0,0.9223913498076234,30.227645954303423,30.227645954303423,30.296364057282315,1,True,0,0.00019089225679636002,0.0001401212066411972,False
101,0,nominal,none,fpr_crp,90,30.296364057282315,30.314277995802183,0.01791393851986811,27.0,0.85,0.6,0.7,increase_fan_speed,supervisor,True,,,0,0.9064292308574274,30.28313575613801,30.37113575613801,30.299179015153904,1,True,0,0.00020004436373710632,0.00015473831444978714,False
101,0,nominal,none,fpr_crp,91,30.299179015153904,30.232411529490804,-0.06676748566309954,27.0,0.85,0.7,0.7,maintain,supervisor,True,,,0,0.9458414340610527,30.207818607131543,30.207818607131543,30.31554674338928,1,True,0,0.0001950785517692566,0.00014185253530740738,False
101,0,nominal,none,fpr_crp,92,30.31554674338928,30.138551715649108,-0.17699502774017262,27.0,0.85,0.7,0.7,maintain,supervisor,True,,,0,0.9264085363206712,30.12146757839718,30.12146757839718,30.37264043903196,1,True,0,0.00019072275608778,0.0001352652907371521,False
101,0,nominal,none,fpr_crp,93,30.37264043903196,30.37461100122121,0.001970562189249847,27.0,0.85,0.7,0.7999999999999999,increase_fan_speed,supervisor,True,,,0,0.9525211500629999,30.250642121123516,30.338642121123517,30.321721568114906,1,True,0,0.0001855548471212387,0.00014761928468942642,False
101,0,nominal,none,fpr_crp,94,30.321721568114906,30.362502900459635,0.04078133234472858,27.0,0.85,0.7999999999999999,0.8999999999999999,increase_fan_speed,supervisor,True,,,0,0.9329079951814843,30.151502668422864,30.239502668422865,30.198175767810525,1,True,0,0.0002046823501586914,0.0001442963257431984,False
101,0,nominal,none,fpr_crp,95,30.198175767810525,30.100898520030746,-0.09727724777977897,27.0,0.85,0.8999999999999999,0.8999999999999999,maintain,supervisor,True,,,0,0.9500080052877529,29.910826638428286,29.910826638428286,30.08686745996611,1,True,0,0.0001887800171971321,0.00014366768300533295,False
101,0,nominal,none,fpr_crp,96,30.08686745996611,30.028803998052776,-0.05806346191333489,27.0,0.85,0.8999999999999999,0.8999999999999999,maintain,supervisor,True,,,0,0.9575817270157629,29.844499678208553,29.844499678208553,29.96674904025962,1,True,0,0.00019672885537147522,0.00013911258429288864,False
101,0,nominal,none,fpr_crp,97,29.96674904025962,29.931157273286832,-0.03559176697278943,27.0,0.85,0.8999999999999999,0.8999999999999999,maintain,supervisor,True,,,0,0.9463198937820437,29.754664691423887,29.754664691423887,29.881057316136427,1,True,0,0.0001827869564294815,0.00014497898519039154,False
101,0,nominal,none,fpr_crp,98,29.881057316136427,30.022756634198654,0.14169931806222635,27.0,0.85,0.8999999999999999,0.8999999999999999,maintain,supervisor,True,,,0,0.9504231880972325,29.83893610346276,29.83893610346276,29.808119587486658,1,True,0,0.00019242707639932632,0.00013900920748710632,False
101,0,nominal,none,fpr_crp,99,29.808119587486658,29.84910633034489,0.04098674285823023,27.0,0.85,0.8999999999999999,0.8999999999999999,maintain,supervisor,True,,,0,0.9489193132685946,29.679177823917296,29.679177823917296,29.680231462128727,1,True,0,0.00019108504056930542,0.00013692956417798996,False
101,0,nominal,none,fpr_crp,100,29.680231462128727,29.59908031170349,-0.08115115042523868,27.0,0.85,0.8999999999999999,0.8999999999999999,maintain,supervisor,True,,,0,0.9292989587953097,29.44915388676721,29.44915388676721,29.61824574741984,1,True,0,0.00017874781042337418,0.00013640336692333221,False
101,0,nominal,none,fpr_crp,101,29.61824574741984,29.642712589012127,0.02446684159228596,27.0,0.85,0.8999999999999999,0.8999999999999999,maintain,supervisor,True,,,0,0.9278236568680944,29.489295581891156,29.489295581891156,29.52298845062442,1,True,0,0.0001827208325266838,0.00017035193741321564,False
101,0,nominal,none,fpr_crp,102,29.52298845062442,29.56129848715539,0.03831003653096943,27.0,0.85,0.8999999999999999,0.7999999999999999,decrease_fan_speed,supervisor,True,,,0,0.9375013634862902,29.50239460818296,29.41439460818296,29.536425576506538,1,True,0,0.00018974579870700836,0.00014677084982395172,False
101,0,nominal,none,fpr_crp,103,29.536425576506538,29.552155249989355,0.01572967348281651,27.0,0.85,0.7999999999999999,0.7999999999999999,maintain,supervisor,True,,,0,0.9298764797859442,29.493982829990205,29.493982829990205,29.52153127540538,1,True,0,0.00018348079174757004,0.00014298222959041595,False
101,0,nominal,none,fpr_crp,104,29.52153127540538,29.6708175902617,0.14928631485631882,27.0,0.85,0.7999999999999999,0.7999999999999999,maintain,supervisor,True,,,0,0.9513536063041391,29.603152183040763,29.603152183040763,29.511668928053243,1,True,0,0.00018370524048805237,0.00016356632113456726,False
101,0,nominal,none,fpr_crp,105,29.511668928053243,29.536030624619542,0.02436169656629872,27.0,0.85,0.7999999999999999,0.7,decrease_fan_speed,supervisor,True,,,0,0.9434291871360951,29.56714817464998,29.47914817464998,29.596917449277278,1,True,0,0.00018500536680221558,0.0001462092623114586,False
101,0,nominal,none,fpr_crp,106,29.596917449277278,29.767280146411895,0.1703626971346175,27.0,0.85,0.7,0.7,maintain,supervisor,True,,,0,0.9578431173063353,29.779897734698945,29.779897734698945,29.64379661108879,1,True,0,0.0001825038343667984,0.00013652071356773376,False
101,0,nominal,none,fpr_crp,107,29.64379661108879,29.469289619098483,-0.17450699199030595,27.0,0.85,0.7,0.7,maintain,supervisor,True,,,0,0.9504456364675177,29.505746449570605,29.505746449570605,29.736498612436623,1,True,0,0.00018750596791505814,0.0001381589099764824,False
101,0,nominal,none,fpr_crp,108,29.736498612436623,29.776874861195726,0.040376248759102396,27.0,0.85,0.7,0.7,maintain,supervisor,True,,,0,0.9443938859597224,29.78872487230007,29.78872487230007,29.780681149652473,1,True,0,0.00020916108042001724,0.00013778544962406158,False
101,0,nominal,none,fpr_crp,109,29.780681149652473,29.802586241540425,0.021905091887951755,27.0,0.85,0.7,0.7,maintain,supervisor,True,,,0,0.9554842745522808,29.81237934221719,29.81237934221719,29.855399135817553,1,True,0,0.0001947600394487381,0.00013475026935338974,False
101,0,nominal,none,fpr_crp,110,29.855399135817553,29.74643588903775,-0.10896324677980473,27.0,0.85,0.7,0.7,maintain,supervisor,True,,,0,0.9461118370913789,29.76072101791473,29.76072101791473,29.903956669682074,1,True,0,0.00020308606326580048,0.00014063622802495956,False
101,0,nominal,none,fpr_crp,111,29.903956669682074,29.844686079630677,-0.059270590051397676,27.0,0.85,0.7,0.7,maintain,supervisor,True,,,0,0.9539957539994555,29.851111193260223,29.851111193260223,29.95503342818737,1,True,0,0.00018297508358955383,0.00014297012239694595,False
101,0,nominal,none,fpr_crp,112,29.95503342818737,29.825733073141894,-0.12930035504547632,27.0,0.85,0.7,0.7,maintain,supervisor,True,,,0,0.9403880073086027,29.833674427290543,29.833674427290543,29.99609014664131,1,True,0,0.0001892009750008583,0.0001751147210597992,False
101,0,nominal,none,fpr_crp,113,29.99609014664131,30.029038825574368,0.03294867893305664,27.0,0.85,0.7,0.7,maintain,supervisor,True,,,0,0.9531073205853482,30.02071571952842,30.02071571952842,30.051141881218133,1,True,0,0.00018940865993499756,0.00013967882841825485,False
101,0,nominal,none,fpr_crp,114,30.051141881218133,30.1159856294643,0.06484374824616879,27.0,0.85,0.7,0.7,maintain,supervisor,True,,,0,0.9488933745639836,30.10070677910716,30.10070677910716,30.1135645431098,1,True,0,0.00018526893109083176,0.00013821199536323547,False
101,0,nominal,none,fpr_crp,115,30.1135645431098,30.274348539525583,0.160783996415784,27.0,0.85,0.7,0.7,maintain,supervisor,True,,,0,0.9383243744605804,30.246400656363537,30.246400656363537,30.166706641354143,1,True,0,0.00018076598644256592,0.0001438753679394722,False
101,0,nominal,none,fpr_crp,116,30.166706641354143,30.27264662482461,0.10593998347046707,27.0,0.85,0.7,0.7,maintain,supervisor,True,,,0,0.9522419330213311,30.244834894838643,30.244834894838643,30.23929779430866,1,True,0,0.00019833631813526154,0.0001397114247083664,False
101,0,nominal,none,fpr_crp,117,30.23929779430866,30.20561416615214,-0.03368362815651693,27.0,0.85,0.7,0.7,maintain,supervisor,True,,,0,0.9580258779304247,30.18316503285997,30.18316503285997,30.293755696331026,1,True,0,0.00018317811191082,0.00013532117009162903,False
101,0,nominal,none,fpr_crp,118,30.293755696331026,30.364095890137012,0.07034019380598622,27.0,0.85,0.7,0.7999999999999999,increase_fan_speed,supervisor,True,,,0,0.9417958710750539,30.240968218926053,30.328968218926054,30.24544930637525,1,True,0,0.00018604379147291183,0.0001414688304066658,False
101,0,nominal,none,fpr_crp,119,30.24544930637525,30.271740971264478,0.026291664889228628,27.0,0.85,0.7999999999999999,0.7999999999999999,maintain,supervisor,True,,,0,0.9395976644941607,30.156001693563322,30.156001693563322,30.201635333424978,1,True,0,0.0001886105164885521,0.00014518480747938156,False
101,0,nominal,none,fpr_crp,120,30.201635333424978,30.15375662611777,-0.04787870730720911,26.0,0.7,0.7999999999999999,0.7999999999999999,maintain,supervisor,True,,,0,0.9313006157340662,29.817456096028344,29.817456096028344,29.90287572557813,1,True,0,0.00018938910216093063,0.00014105439186096191,False
101,0,nominal,none,fpr_crp,121,29.90287572557813,29.935872724039374,0.032996998461243265,26.0,0.7,0.7999999999999999,0.7999999999999999,maintain,supervisor,True,,,0,0.9240491740907704,29.617002906116223,29.617002906116223,29.661260285104383,1,True,0,0.00019583944231271744,0.0001380331814289093,False
101,0,nominal,none,fpr_crp,122,29.661260285104383,29.624736278473836,-0.03652400663054678,26.0,0.7,0.7999999999999999,0.7999999999999999,maintain,supervisor,True,,,0,0.9189944093177491,29.33075737619593,29.33075737619593,29.44532431475593,1,True,0,0.00018177088350057602,0.00014538876712322235,False
101,0,nominal,none,fpr_crp,123,29.44532431475593,29.52011575633574,0.0747914415798121,26.0,0.7,0.7999999999999999,0.7999999999999999,maintain,supervisor,True,,,0,0.8920056144481932,29.23450649582888,29.23450649582888,29.2503468467184,1,True,0,0.0002012467011809349,0.00015287846326828003,False
101,0,nominal,none,fpr_crp,124,29.2503468467184,29.366899465168405,0.11655261845000453,26.0,0.7,0.7999999999999999,0.7,decrease_fan_speed,supervisor,True,,,0,0.8948333304242815,29.18154750795493,29.09354750795493,29.11762720920365,1,True,0,0.00019264407455921173,0.00014920160174369812,False
101,0,nominal,none,fpr_crp,125,29.11762720920365,29.02366901877522,-0.09395819042843101,26.0,0.7,0.7,0.7,maintain,supervisor,True,,,0,0.9041748211033886,28.8657754972732,28.8657754972732,29.0182792705609,1,True,0,0.00018580537289381027,0.0001365477219223976,False
101,0,nominal,none,fpr_crp,126,29.0182792705609,29.024750548423217,0.006471277862317493,26.0,0.7,0.7,0.7,maintain,supervisor,True,,,0,0.9114861636648678,28.866770504549358,28.866770504549358,28.89282410279313,1,True,0,0.0001835804432630539,0.00017746072262525558,False
101,0,nominal,none,fpr_crp,127,28.89282410279313,28.85300798700362,-0.03981611578951316,26.0,0.7,0.7,0.6,decrease_fan_speed,supervisor,True,,,0,0.9240524164474037,28.79676734804333,28.708767348043327,28.868776268661946,1,True,0,0.00020665861666202545,0.000142720527946949,False
101,0,nominal,none,fpr_crp,128,28.868776268661946,28.705654509434382,-0.16312175922756467,26.0,0.7,0.6,0.6,maintain,supervisor,True,,,0,0.9120394534941513,28.66120214867963,28.66120214867963,28.854351582801776,1,True,0,0.00019200146198272705,0.00014191307127475739,False
101,0,nominal,none,fpr_crp,129,28.854351582801776,28.875162168954162,0.02081058615238618,26.0,0.7,0.6,0.6,maintain,supervisor,True,,,0,0.9444137411831157,28.81714919543783,28.81714919543783,28.86569446124852,1,True,0,0.0001966562122106552,0.00013798754662275314,False
101,0,nominal,none,fpr_crp,130,28.86569446124852,29.004084203484744,0.13838974223622458,26.0,0.7,0.6,0.5,decrease_fan_speed,supervisor,True,,,0,0.9594479519333375,29.023757467205964,28.935757467205967,28.950372945662785,1,True,0,0.00019876286387443542,0.00016200076788663864,False
101,0,nominal,none,fpr_crp,131,28.950372945662785,28.93878403270262,-0.011588912960164066,26.0,0.7,0.5,0.5,maintain,supervisor,True,,,0,0.9702662681975863,28.96368131008641,28.96368131008641,29.018685635251146,1,True,0,0.00019521825015544891,0.0001603318378329277,False
101,0,nominal,none,fpr_crp,132,29.018685635251146,28.918169306731293,-0.10051632851985204,26.0,0.7,0.5,0.5,maintain,supervisor,True,,,0,0.9400420278666246,28.94471576219279,28.94471576219279,29.05553124495487,1,True,0,0.00019207969307899475,0.00013999734073877335,False
101,0,nominal,none,fpr_crp,133,29.05553124495487,29.106170953366227,0.050639708411356565,26.0,0.7,0.5,0.4,decrease_fan_speed,supervisor,True,,,0,0.9271643014107551,29.205677277096928,29.117677277096927,29.21337270663006,1,True,0,0.0001850966364145279,0.00015246495604515076,False
101,0,nominal,none,fpr_crp,134,29.21337270663006,29.140632247334917,-0.07274045929514372,26.0,0.7,0.4,0.4,maintain,supervisor,True,,,0,0.9513556366894576,29.237381667548124,29.237381667548124,29.336083825263906,1,True,0,0.0002090325579047203,0.00014417245984077454,False
101,0,nominal,none,fpr_crp,135,29.336083825263906,29.293679873518908,-0.04240395174499767,26.0,0.7,0.4,0.4,maintain,supervisor,True,,,0,0.9473338048134643,29.378185483637395,29.378185483637395,29.453899403271926,1,True,0,0.000197678804397583,0.00014376547187566757,False
101,0,nominal,none,fpr_crp,136,29.453899403271926,29.30916883822295,-0.1447305650489774,26.0,0.7,0.4,0.30000000000000004,decrease_fan_speed,supervisor,True,,,0,0.9399434688718925,29.48043533116511,29.39243533116511,29.64811961719136,1,True,0,0.00018774624913930893,0.00014172960072755814,False
101,0,nominal,none,fpr_crp,137,29.64811961719136,29.69032640990477,0.042206792713411545,26.0,0.7,0.30000000000000004,0.30000000000000004,maintain,supervisor,True,,,0,0.9236902891586971,29.83110029711239,29.83110029711239,29.818478723957902,1,True,0,0.00019177421927452087,0.00013984274119138718,False
101,0,nominal,none,fpr_crp,138,29.818478723957902,29.74495132846519,-0.07352739549271092,26.0,0.7,0.30000000000000004,0.30000000000000004,maintain,supervisor,True,,,0,0.9249948968286031,29.881355222187977,29.881355222187977,29.95061957377823,1,True,0,0.00019837915897369385,0.00013636425137519836,False
101,0,nominal,none,fpr_crp,139,29.95061957377823,29.933108903255324,-0.017510670522906224,26.0,0.7,0.30000000000000004,0.30000000000000004,maintain,supervisor,True,,,0,0.9068780639832075,30.0544601909949,30.0544601909949,30.108937759473303,1,True,0,0.0001859748736023903,0.0001356080174446106,False
101,0,nominal,none,fpr_crp,140,30.108937759473303,30.031466577481467,-0.07747118199183589,26.0,0.7,0.30000000000000004,0.30000000000000004,maintain,supervisor,True,,,0,0.9202381894047164,30.14494925128295,30.14494925128295,30.205707186292415,1,True,0,0.00019403640180826187,0.00013742223381996155,False
101,0,nominal,none,fpr_crp,141,30.205707186292415,30.39677507964409,0.19106789335167562,26.0,0.7,0.30000000000000004,0.4,increase_fan_speed,supervisor,True,,,0,0.8990203944427839,30.393033073272562,30.481033073272563,30.22226329890352,1,True,0,0.00020133145153522491,0.0001398073509335518,False
101,0,nominal,none,fpr_crp,142,30.22226329890352,30.181706598308274,-0.0405567005952463,26.0,0.7,0.4,0.4,maintain,supervisor,True,,,0,0.9290464907455984,30.195170070443613,30.195170070443613,30.252615058694616,1,True,0,0.000192238949239254,0.00014824606478214264,False
101,0,nominal,none,fpr_crp,143,30.252615058694616,30.277775813705354,0.025160755010738,26.0,0.7,0.4,0.4,maintain,supervisor,True,,,0,0.9486300707319574,30.283553748608924,30.283553748608924,30.317606779176273,1,True,0,0.00018543563783168793,0.00013523362576961517,False
101,0,nominal,none,fpr_crp,144,30.317606779176273,30.312961224028356,-0.00464555514791698,26.0,0.7,0.4,0.5,increase_fan_speed,supervisor,True,,,0,0.9265882435210026,30.227924326106084,30.315924326106085,30.242535234805974,1,True,0,0.00018019694834947586,0.00014984235167503357,False
101,0,nominal,none,fpr_crp,145,30.242535234805974,30.218314333454064,-0.02422090135191013,26.0,0.7,0.5,0.5,maintain,supervisor,True,,,0,0.9247138750720647,30.140849186777736,30.140849186777736,30.175229434826296,1,True,0,0.00018438603729009628,0.00014683790504932404,False
101,0,nominal,none,fpr_crp,146,30.175229434826296,30.104864482810516,-0.07036495201577964,26.0,0.7,0.5,0.5,maintain,supervisor,True,,,0,0.9463427730134435,30.036475324185673,30.036475324185673,30.121445847352245,1,True,0,0.00018450338393449783,0.00013750046491622925,False
101,0,nominal,none,fpr_crp,147,30.121445847352245,30.011482237270247,-0.10996361008199784,26.0,0.7,0.5,0.5,maintain,supervisor,True,,,0,0.9539318822425586,29.950563658288626,29.950563658288626,30.112786859576552,1,True,0,0.00018279068171977997,0.00013813097029924393,False
101,0,nominal,none,fpr_crp,148,30.112786859576552,30.24293953005077,0.1301526704742173,26.0,0.7,0.5,0.5,maintain,supervisor,True,,,0,0.963989503843547,30.163504367646706,30.163504367646706,30.11898687954391,1,True,0,0.00020353589206933975,0.0001605730503797531,False
101,0,nominal,none,fpr_crp,149,30.11898687954391,30.06996704466278,-0.049019834881132596,26.0,0.7,0.5,0.5,maintain,supervisor,True,,,0,0.9621391135450279,30.004369681089756,30.004369681089756,30.077612478872858,1,True,0,0.0001905597746372223,0.00014051329344511032,False
101,0,nominal,none,fpr_crp,150,30.077612478872858,30.047691305734403,-0.02992117313845455,26.0,0.7,0.5,0.5,maintain,supervisor,True,,,0,0.944288180335956,29.98387600127565,29.98387600127565,30.07344700757237,1,True,0,0.00017902813851833344,0.00013747438788414001,False
101,0,nominal,none,fpr_crp,151,30.07344700757237,29.96965510027182,-0.10379190730055043,26.0,0.7,0.5,0.5,maintain,supervisor,True,,,0,0.9551640093140895,29.91208269225007,29.91208269225007,30.00695323921615,1,True,0,0.00018687546253204346,0.00014990754425525665,False
101,0,nominal,none,fpr_crp,152,30.00695323921615,29.96373959498797,-0.04321364422817808,26.0,0.7,0.5,0.5,maintain,supervisor,True,,,0,0.964560959724014,29.90664042738893,29.90664042738893,29.959657807659543,1,True,0,0.00019133836030960083,0.00014612730592489243,False
101,0,nominal,none,fpr_crp,153,29.959657807659543,29.83313383439694,-0.12652397326260356,26.0,0.7,0.5,0.5,maintain,supervisor,True,,,0,0.9491188889033219,29.786483127645184,29.786483127645184,29.946317884825678,1,True,0,0.00018440932035446167,0.00014618132263422012,False
101,0,nominal,none,fpr_crp,154,29.946317884825678,30.113420196875005,0.16710231204932668,26.0,0.7,0.5,0.5,maintain,supervisor,True,,,0,0.9636453270896906,30.044346581125,30.044346581125,29.952116094955798,1,True,0,0.0001974496990442276,0.00014840252697467804,False
101,0,nominal,none,fpr_crp,155,29.952116094955798,29.797516406444856,-0.15459968851094175,26.0,0.7,0.5,0.5,maintain,supervisor,True,,,0,0.9387502115154456,29.753715093929266,29.753715093929266,29.921897123487266,1,True,0,0.00018440745770931244,0.0001416308805346489,False
101,0,nominal,none,fpr_crp,156,29.921897123487266,29.89248782812802,-0.029409295359247523,26.0,0.7,0.5,0.5,maintain,supervisor,True,,,0,0.958805603579122,29.841088801877774,29.841088801877774,29.890583789507406,1,True,0,0.00017895642668008804,0.00014619901776313782,False
101,0,nominal,none,fpr_crp,157,29.890583789507406,30.050900895801874,0.1603171062944675,26.0,0.7,0.5,0.5,maintain,supervisor,True,,,0,0.9479291657417241,29.98682882413772,29.98682882413772,29.88516782696364,1,True,0,0.00017843861132860184,0.00014105066657066345,False
101,0,nominal,none,fpr_crp,158,29.88516782696364,29.9444968854858,0.05932905852215953,26.0,0.7,0.5,0.5,maintain,supervisor,True,,,0,0.9184823860053408,29.888937134646934,29.888937134646934,29.897895062322327,1,True,0,0.0002034669741988182,0.00013853516429662704,False
101,0,nominal,none,fpr_crp,159,29.897895062322327,29.813692885393582,-0.08420217692874488,26.0,0.7,0.5,0.5,maintain,supervisor,True,,,0,0.9507603921822471,29.768597454562094,29.768597454562094,29.886150919381567,1,True,0,0.00022731907665729523,0.00014746282249689102,False
101,0,nominal,none,fpr_crp,160,29.886150919381567,29.98093923563546,0.09478831625389361,26.0,0.7,0.5,0.5,maintain,supervisor,True,,,0,0.93127196967819,29.922464096784623,29.922464096784623,29.88049738559994,1,True,0,0.00021187961101531982,0.00017325207591056824,False
101,0,nominal,none,fpr_crp,161,29.88049738559994,29.88593529863883,0.005437913038889519,26.0,0.7,0.5,0.5,maintain,supervisor,True,,,0,0.9602507443280955,29.835060474747724,29.835060474747724,29.837755581690512,1,True,0,0.0001929737627506256,0.00015466101467609406,False
101,0,nominal,none,fpr_crp,162,29.837755581690512,29.939128432933163,0.10137285124265105,26.0,0.7,0.5,0.5,maintain,supervisor,True,,,0,0.9571349794247802,29.883998158298507,29.883998158298507,29.82835314461732,1,True,0,0.00019071251153945923,0.0001421002671122551,False
101,0,nominal,none,fpr_crp,163,29.82835314461732,29.63499399791035,-0.19335914670697107,26.0,0.7,0.5,0.5,maintain,supervisor,True,,,0,0.95122170164785,29.60419447807752,29.60419447807752,29.845623650174097,1,True,0,0.00018553435802459717,0.00014075729995965958,False
101,0,nominal,none,fpr_crp,164,29.845623650174097,29.778247071588332,-0.0673765785857654,26.0,0.7,0.5,0.5,maintain,supervisor,True,,,0,0.9328612846256925,29.735987305861265,29.735987305861265,29.812342665286113,1,True,0,0.00020488351583480835,0.00015697069466114044,False
101,0,nominal,none,fpr_crp,165,29.812342665286113,29.948748949094586,0.13640628380847275,26.0,0.7,0.5,0.5,maintain,supervisor,True,,,0,0.9555858707906901,29.892849033167018,29.892849033167018,29.833413928190804,1,True,0,0.00019153952598571777,0.0001384001225233078,False
101,0,nominal,none,fpr_crp,166,29.833413928190804,29.776818686239153,-0.05659524195165133,26.0,0.7,0.5,0.5,maintain,supervisor,True,,,0,0.9612929645458556,29.73467319134002,29.73467319134002,29.8280301511768,1,True,0,0.00018808059394359589,0.00014776922762393951,False
101,0,nominal,none,fpr_crp,167,29.8280301511768,29.900937116059204,0.072906964882403,26.0,0.7,0.5,0.5,maintain,supervisor,True,,,0,0.9627196509793355,29.848862146774465,29.848862146774465,29.836248275798877,1,True,0,0.00021667499095201492,0.00014594290405511856,False
101,0,nominal,none,fpr_crp,168,29.836248275798877,29.88807414986585,0.051825874066974364,26.0,0.7,0.5,0.5,maintain,supervisor,True,,,0,0.9475160024973265,29.83702821787658,29.83702821787658,29.84350245243414,1,True,0,0.00018476415425539017,0.0001415656879544258,False
101,0,nominal,none,fpr_crp,169,29.84350245243414,29.978076879995847,0.1345744275617058,26.0,0.7,0.5,0.5,maintain,supervisor,True,,,0,0.9443942350649238,29.91983072959618,29.91983072959618,29.8409461840363,1,True,0,0.000207509845495224,0.0001415163278579712,False
101,0,nominal,none,fpr_crp,170,29.8409461840363,29.83162541400012,-0.009320770036183035,26.0,0.7,0.5,0.5,maintain,supervisor,True,,,0,0.9464967322942495,29.785095380880108,29.785095380880108,29.82073000757104,1,True,0,0.00019111763685941696,0.0001380937173962593,False
101,0,nominal,none,fpr_crp,171,29.82073000757104,29.738026533435054,-0.082703474135986,26.0,0.7,0.5,0.5,maintain,supervisor,True,,,0,0.9459104286858998,29.698984410760247,29.698984410760247,29.828551232351757,1,True,0,0.00018870923668146133,0.00013544782996177673,False
101,0,nominal,none,fpr_crp,172,29.828551232351757,30.05169208666131,0.22314085430955188,26.0,0.7,0.5,0.5,maintain,supervisor,True,,,0,0.9380629410152687,29.987556719728403,29.987556719728403,29.83569122354361,1,True,0,0.0001901276409626007,0.00016361847519874573,False
101,0,nominal,none,fpr_crp,173,29.83569122354361,29.86676706887147,0.03107584532786234,26.0,0.7,0.5,0.5,maintain,supervisor,True,,,0,0.9406390787900756,29.817425703361753,29.817425703361753,29.805497946307334,1,True,0,0.00018997304141521454,0.0001458730548620224,False
101,0,nominal,none,fpr_crp,174,29.805497946307334,29.824980194081792,0.019482247774458727,26.0,0.7,0.5,0.5,maintain,supervisor,True,,,0,0.9700878116932229,29.77898177855525,29.77898177855525,29.78861309653164,1,True,0,0.00018214620649814606,0.00013535283505916595,False
101,0,nominal,none,fpr_crp,175,29.78861309653164,29.80672895242076,0.018115855889117682,26.0,0.7,0.5,0.5,maintain,supervisor,True,,,0,0.9397045165076913,29.762190636227096,29.762190636227096,29.788207819042192,1,True,0,0.00018427520990371704,0.00013461988419294357,False
101,0,nominal,none,fpr_crp,176,29.788207819042192,29.746028757906277,-0.042179061135914964,26.0,0.7,0.5,0.5,maintain,supervisor,True,,,0,0.9651281633593344,29.706346457273774,29.706346457273774,29.767329600959176,1,True,0,0.0001881234347820282,0.00015389453619718552,False
101,0,nominal,none,fpr_crp,177,29.767329600959176,29.77599986397469,0.008670263015513768,26.0,0.7,0.5,0.5,maintain,supervisor,True,,,0,0.9487526323468973,29.733919874856714,29.733919874856714,29.764944040374807,1,True,0,0.00017930474132299423,0.0001416010782122612,False
101,0,nominal,none,fpr_crp,178,29.764944040374807,29.882192259096335,0.11724821872152802,26.0,0.7,0.5,0.5,maintain,supervisor,True,,,0,0.9583085901164642,29.831616878368628,29.831616878368628,29.759786266830936,1,True,0,0.00019013695418834686,0.00013836752623319626,False
101,0,nominal,none,fpr_crp,179,29.759786266830936,29.845622957084093,0.08583669025315643,26.0,0.7,0.5,0.5,maintain,supervisor,True,,,0,0.954008986689628,29.797973120517362,29.797973120517362,29.751292166537503,1,True,0,0.0001782560721039772,0.00013994518667459488,False
101,0,nominal,none,fpr_crp,180,29.751292166537503,29.689629546986918,-0.06166261955058516,26.0,0.7,0.5,0.5,maintain,supervisor,True,,,0,0.9449685620290482,29.654459183227964,29.654459183227964,29.809812743217567,1,True,0,0.00018795393407344818,0.00014940183609724045,False
101,0,nominal,none,fpr_crp,181,29.809812743217567,29.705068886092306,-0.10474385712526058,26.0,0.7,0.5,0.5,maintain,supervisor,True,,,0,0.931955039925724,29.66866337520492,29.66866337520492,29.784199576024132,1,True,0,0.00019328296184539795,0.00031175464391708374,False
101,0,nominal,none,fpr_crp,182,29.784199576024132,29.686306855865443,-0.09789272015868988,26.0,0.7,0.5,0.5,maintain,supervisor,True,,,0,0.9506735790966564,29.651402307396204,29.651402307396204,29.80866942222699,1,True,0,0.00031317491084337234,0.00017727259546518326,False
101,0,nominal,none,fpr_crp,183,29.80866942222699,29.734779292440795,-0.07389012978619647,26.0,0.7,0.5,0.5,maintain,supervisor,True,,,0,0.927434426002993,29.69599694904553,29.69599694904553,29.827417674953537,1,True,0,0.00022492557764053345,0.0001519136130809784,False
101,0,nominal,none,fpr_crp,184,29.827417674953537,29.9220849394165,0.09466726446296292,26.0,0.7,0.5,0.5,maintain,supervisor,True,,,0,0.9577149005865313,29.868318144263178,29.868318144263178,29.8225152130042,1,True,0,0.00019712373614311218,0.0001502595841884613,False
101,0,nominal,none,fpr_crp,185,29.8225152130042,29.886597601156637,0.06408238815243905,26.0,0.7,0.5,0.5,maintain,supervisor,True,,,0,0.9481800554206132,29.835669793064106,29.835669793064106,29.815907113771022,1,True,0,0.00019423570483922958,0.00014282576739788055,False
101,0,nominal,none,fpr_crp,186,29.815907113771022,29.84280545530541,0.026898341534387527,26.0,0.7,0.5,0.5,maintain,supervisor,True,,,0,0.9542504564511705,29.795381018880974,29.795381018880974,29.820237693884994,1,True,0,0.00018333736807107925,0.00014191865921020508,False
101,0,nominal,none,fpr_crp,187,29.820237693884994,29.69911543661018,-0.12112225727481274,26.0,0.7,0.5,0.5,maintain,supervisor,True,,,0,0.9330909789317329,29.663186201681366,29.663186201681366,29.81908368225814,1,True,0,0.0001801690086722374,0.0001398026943206787,False
101,0,nominal,none,fpr_crp,188,29.81908368225814,29.725276222233557,-0.09380746002458196,26.0,0.7,0.5,0.5,maintain,supervisor,True,,,0,0.9649786203760511,29.68725412445487,29.68725412445487,29.801315896612127,1,True,0,0.00042182113975286484,0.00023175962269306183,False
101,0,nominal,none,fpr_crp,189,29.801315896612127,29.89685563789431,0.09553974128218101,26.0,0.7,0.5,0.5,maintain,supervisor,True,,,0,0.9524725321175455,29.845107186862762,29.845107186862762,29.797910602697627,1,True,0,0.00023821834474802017,0.00017137452960014343,False
101,0,nominal,none,fpr_crp,190,29.797910602697627,29.818205608824577,0.020295006126950454,26.0,0.7,0.5,0.5,maintain,supervisor,True,,,0,0.945623893273275,29.772749160118607,29.772749160118607,29.815477427607643,1,True,0,0.00021790992468595505,0.00015976186841726303,False
101,0,nominal,none,fpr_crp,191,29.815477427607643,29.688007476192492,-0.12746995141515072,26.0,0.7,0.5,0.5,maintain,supervisor,True,,,0,0.924684506505922,29.65296687809709,29.65296687809709,29.80294455703835,1,True,0,0.00019525550305843353,0.00014970079064369202,False
101,0,nominal,none,fpr_crp,192,29.80294455703835,29.65437282613071,-0.14857173090764064,26.0,0.7,0.5,0.5,maintain,supervisor,True,,,0,0.9693227005706686,29.62202300004025,29.62202300004025,29.837898088980108,1,True,0,0.00019611604511737823,0.00014631636440753937,False
101,0,nominal,none,fpr_crp,193,29.837898088980108,29.93416387426624,0.09626578528613194,26.0,0.7,0.5,0.5,maintain,supervisor,True,,,0,0.9397592933610073,29.879430764324937,29.879430764324937,29.84640875584432,1,True,0,0.00018393900245428085,0.00014010444283485413,False
101,0,nominal,none,fpr_crp,194,29.84640875584432,29.8602193041542,0.013810548309880488,26.0,0.7,0.5,0.5,maintain,supervisor,True,,,0,0.9535606635706123,29.811401759821862,29.811401759821862,29.846882619690163,1,True,0,0.00018056388944387436,0.00014436990022659302,False
101,0,nominal,none,fpr_crp,195,29.846882619690163,29.882328255917596,0.035445636227432686,26.0,0.7,0.5,0.5,maintain,supervisor,True,,,0,0.9518437372342269,29.831741995444187,29.831741995444187,29.847611040669573,1,True,0,0.00020695477724075317,0.00014505907893180847,False
101,0,nominal,none,fpr_crp,196,29.847611040669573,29.81275882036269,-0.03485222030688462,26.0,0.7,0.5,0.5,maintain,supervisor,True,,,0,0.974445667650484,29.76773811473367,29.76773811473367,29.862840190681702,1,True,0,0.00018666498363018036,0.00013827811926603317,False
101,0,nominal,none,fpr_crp,197,29.862840190681702,29.807349397360447,-0.05549079332125473,26.0,0.7,0.5,0.5,maintain,supervisor,True,,,0,0.9460277800119853,29.76276144557161,29.76276144557161,29.853161933574086,1,True,0,0.00018400326371192932,0.00014383811503648758,False
101,0,nominal,none,fpr_crp,198,29.853161933574086,29.879857497326018,0.026695563751932383,26.0,0.7,0.5,0.5,maintain,supervisor,True,,,0,0.9637192219919708,29.829468897539936,29.829468897539936,29.835199354676035,1,True,0,0.00018507521599531174,0.00013808626681566238,False
101,0,nominal,none,fpr_crp,199,29.835199354676035,29.692260323015876,-0.1429390316601591,26.0,0.7,0.5,0.5,maintain,supervisor,True,,,0,0.9486780121010755,29.656879497174604,29.656879497174604,29.829693869386396,1,True,0,0.00018200557678937912,0.00015064142644405365,False
101,0,nominal,none,fpr_crp,200,29.829693869386396,29.914943007169896,0.0852491377834994,26.0,0.7,0.5,0.5,maintain,supervisor,True,,,0,0.9476833221098728,29.861747566596303,29.861747566596303,29.836957901174326,1,True,0,0.0001988699659705162,0.00015145540237426758,False
101,0,nominal,none,fpr_crp,201,29.836957901174326,29.696769147888254,-0.14018875328607194,26.0,0.7,0.5,0.5,maintain,supervisor,True,,,0,0.9391577991515135,29.661027616057194,29.661027616057194,29.85678257230332,1,True,0,0.00019170530140399933,0.00013912376016378403,False
101,0,nominal,none,fpr_crp,202,29.85678257230332,29.871019935966885,0.01423736366356465,26.0,0.7,0.5,0.5,maintain,supervisor,True,,,0,0.9373483283942529,29.821338341089533,29.821338341089533,29.876418000806588,1,True,0,0.00018603075295686722,0.00013675913214683533,False
101,0,nominal,none,fpr_crp,203,29.876418000806588,29.8308972042994,-0.0455207965071871,26.0,0.7,0.5,0.5,maintain,supervisor,True,,,0,0.9393056282589617,29.784425427955448,29.784425427955448,29.891324022220907,1,True,0,0.00018233992159366608,0.00013833865523338318,False
101,0,nominal,none,fpr_crp,204,29.891324022220907,29.641883965274097,-0.24944005694680982,26.0,0.7,0.5,0.5,maintain,supervisor,True,,,0,0.9349325148567994,29.610533248052167,29.610533248052167,29.879891924994027,1,True,0,0.0001888992264866829,0.00014186371117830276,False
101,0,nominal,none,fpr_crp,205,29.879891924994027,30.013168537280485,0.13327661228645837,26.0,0.7,0.5,0.5,maintain,supervisor,True,,,0,0.9206736692188399,29.952115054298044,29.952115054298044,29.886984459862465,1,True,0,0.00018249358981847763,0.00013981573283672333,False
101,0,nominal,none,fpr_crp,206,29.886984459862465,29.925804501472637,0.038820041610172495,26.0,0.7,0.5,0.5,maintain,supervisor,True,,,0,0.9348161441419874,29.871740141354824,29.871740141354824,29.888307307091797,1,True,0,0.0001927930861711502,0.00014034099876880646,False
101,0,nominal,none,fpr_crp,207,29.888307307091797,29.951780360304188,0.06347305321239105,26.0,0.7,0.5,0.5,maintain,supervisor,True,,,0,0.9603122245515456,29.89563793147985,29.89563793147985,29.885961649254984,1,True,0,0.00021084211766719818,0.00013745389878749847,False
101,0,nominal,none,fpr_crp,208,29.885961649254984,29.93020188823425,0.04424023897926688,26.0,0.7,0.5,0.5,maintain,supervisor,True,,,0,0.9514670772427868,29.87578573717551,29.87578573717551,29.883846836037005,1,True,0,0.00019391532987356186,0.0001446343958377838,False
101,0,nominal,none,fpr_crp,209,29.883846836037005,29.95775542606259,0.07390859002558514,26.0,0.7,0.5,0.5,maintain,supervisor,True,,,0,0.9592159802994681,29.90113499197758,29.90113499197758,29.871787155037456,1,True,0,0.00018604286015033722,0.0001357775181531906,False
101,0,nominal,none,fpr_crp,210,29.871787155037456,29.800886149333557,-0.07090100570389879,26.0,0.7,0.5,0.5,maintain,supervisor,True,,,0,0.9452217007081308,29.756815257386872,29.756815257386872,29.881079596047805,1,True,0,0.00018016062676906586,0.00013321079313755035,False
101,0,nominal,none,fpr_crp,211,29.881079596047805,29.850433704905146,-0.030645891142658144,26.0,0.7,0.5,0.5,maintain,supervisor,True,,,0,0.952772170213016,29.802399008512733,29.802399008512733,29.85411409041703,1,True,0,0.00018457137048244476,0.00014612078666687012,False
101,0,nominal,none,fpr_crp,212,29.85411409041703,29.870804586308445,0.016690495891413804,26.0,0.7,0.5,0.5,maintain,supervisor,True,,,0,0.9585461526455901,29.821140219403766,29.821140219403766,29.813150993903818,1,True,0,0.00020245462656021118,0.00013820920139551163,False
101,0,nominal,none,fpr_crp,213,29.813150993903818,29.816205107728493,0.003054113824674687,26.0,0.7,0.5,0.5,maintain,supervisor,True,,,0,0.9610966036022354,29.770908699110212,29.770908699110212,29.8575306693089,1,True,0,0.00018866080790758133,0.00013681873679161072,False
101,0,nominal,none,fpr_crp,214,29.8575306693089,29.824833768098323,-0.03269690121057778,26.0,0.7,0.5,0.5,maintain,supervisor,True,,,0,0.9219255843211547,29.778847066650457,29.778847066650457,29.8573699118214,1,True,0,0.0001785634085536003,0.000141192227602005,False
101,0,nominal,none,fpr_crp,215,29.8573699118214,29.914989041746352,0.05761912992495155,26.0,0.7,0.5,0.5,maintain,supervisor,True,,,0,0.9460576373796267,29.861789918406643,29.861789918406643,29.826400453320566,1,True,0,0.00020293332636356354,0.00013776123523712158,False
101,0,nominal,none,fpr_crp,216,29.826400453320566,29.761704390996524,-0.06469606232404246,26.0,0.7,0.5,0.5,maintain,supervisor,True,,,0,0.9565744193886763,29.7207680397168,29.7207680397168,29.831615686972466,1,True,0,0.00018778443336486816,0.00014121830463409424,False
101,0,nominal,none,fpr_crp,217,29.831615686972466,29.857066475457003,0.025450788484537412,26.0,0.7,0.5,0.5,maintain,supervisor,True,,,0,0.9502752387641904,29.80850115742044,29.80850115742044,29.82567462299164,1,True,0,0.00019533000886440277,0.00014115497469902039,False
101,0,nominal,none,fpr_crp,218,29.82567462299164,29.838206824999833,0.012532202008191717,26.0,0.7,0.5,0.5,maintain,supervisor,True,,,0,0.967198827930244,29.791150278999844,29.791150278999844,29.814161875404736,1,True,0,0.00021098926663398743,0.0001383814960718155,False
101,0,nominal,none,fpr_crp,219,29.814161875404736,29.979595531900287,0.16543365649555142,26.0,0.7,0.5,0.5,maintain,supervisor,True,,,0,0.9577679614368753,29.921227889348263,29.921227889348263,29.808665531134185,1,True,0,0.00019284430891275406,0.00013799499720335007,False
101,0,nominal,none,fpr_crp,220,29.808665531134185,29.687482371495545,-0.12118315963864035,26.0,0.7,0.5,0.5,maintain,supervisor,True,,,0,0.940773520979065,29.6524837817759,29.6524837817759,29.818526284987716,1,True,0,0.00021277926862239838,0.00013639871031045914,False
101,0,nominal,none,fpr_crp,221,29.818526284987716,29.933539756444937,0.11501347145722107,26.0,0.7,0.5,0.5,maintain,supervisor,True,,,0,0.9522430194868856,29.87885657592934,29.87885657592934,29.807349264566646,1,True,0,0.00018070265650749207,0.0001427438110113144,False
101,0,nominal,none,fpr_crp,222,29.807349264566646,29.871105088192085,0.06375582362543852,26.0,0.7,0.5,0.5,maintain,supervisor,True,,,0,0.9600674592523829,29.821416681136714,29.821416681136714,29.79306512392675,1,True,0,0.00019844621419906616,0.00014624185860157013,False
101,0,nominal,none,fpr_crp,223,29.79306512392675,29.60489113228038,-0.1881739916463694,26.0,0.7,0.5,0.5,maintain,supervisor,True,,,0,0.9394870629067973,29.576499841697945,29.576499841697945,29.76014657378676,1,True,0,0.0001981835812330246,0.0001366185024380684,False
101,0,nominal,none,fpr_crp,224,29.76014657378676,29.870827107627267,0.11068053384050813,26.0,0.7,0.5,0.5,maintain,supervisor,True,,,0,0.9669984941630339,29.821160939017084,29.821160939017084,29.75006258080865,1,True,0,0.00019083172082901,0.00014142785221338272,False
101,0,nominal,none,fpr_crp,225,29.75006258080865,29.723821485903837,-0.026241094904811746,26.0,0.7,0.5,0.5,maintain,supervisor,True,,,0,0.9278205764765788,29.685915767031528,29.685915767031528,29.73925864140637,1,True,0,0.00021638628095388412,0.00014449376612901688,False
101,0,nominal,none,fpr_crp,226,29.73925864140637,29.80715349754737,0.06789485614100244,26.0,0.7,0.5,0.5,maintain,supervisor,True,,,0,0.9623205186912261,29.76258121774358,29.76258121774358,29.717619906160348,1,True,0,0.00019281171262264252,0.00014061946421861649,False
101,0,nominal,none,fpr_crp,227,29.717619906160348,29.700148869788297,-0.01747103637205072,26.0,0.7,0.5,0.5,maintain,supervisor,True,,,0,0.9554604556518392,29.66413696020523,29.66413696020523,29.713908325971286,1,True,0,0.00018485449254512787,0.00013852491974830627,False
101,0,nominal,none,fpr_crp,228,29.713908325971286,29.557135193879542,-0.15677313209174315,26.0,0.7,0.5,0.5,maintain,supervisor,True,,,0,0.9465606989832553,29.532564378369177,29.532564378369177,29.69766480224915,1,True,0,0.00018713902682065964,0.00014777109026908875,False
101,0,nominal,none,fpr_crp,229,29.69766480224915,29.747488618505372,0.049823816256221676,26.0,0.7,0.5,0.5,maintain,supervisor,True,,,0,0.9321117365589241,29.70768952902494,29.70768952902494,29.712005020980634,1,True,0,0.0001902412623167038,0.00014619901776313782,False
101,0,nominal,none,fpr_crp,230,29.712005020980634,29.502337750072137,-0.20966727090849702,26.0,0.7,0.5,0.5,maintain,supervisor,True,,,0,0.9400916321146061,29.482150730066365,29.482150730066365,29.726933253372614,1,True,0,0.00018396787345409393,0.00013920757919549942,False
101,0,nominal,none,fpr_crp,231,29.726933253372614,29.914869555214885,0.18793630184227084,26.0,0.7,0.5,0.5,maintain,supervisor,True,,,0,0.9356281209369127,29.861679990797693,29.861679990797693,29.691995447171617,1,True,0,0.00019181426614522934,0.0001361556351184845,False
101,0,nominal,none,fpr_crp,232,29.691995447171617,29.718187364384114,0.026191917212496918,26.0,0.7,0.5,0.5,maintain,supervisor,True,,,0,0.9702105030178427,29.680732375233383,29.680732375233383,29.685533733840636,1,True,0,0.000186040997505188,0.00014373846352100372,False
101,0,nominal,none,fpr_crp,233,29.685533733840636,29.596598867702227,-0.08893486613840906,26.0,0.7,0.5,0.5,maintain,supervisor,True,,,0,0.9702649200381259,29.56887095828605,29.56887095828605,29.679823851721967,1,True,0,0.00020804256200790405,0.00014566350728273392,False
101,0,nominal,none,fpr_crp,234,29.679823851721967,29.61661554092558,-0.06320831079638722,26.0,0.7,0.5,0.5,maintain,supervisor,True,,,0,0.9548559323359002,29.58728629765153,29.58728629765153,29.678338376084948,1,True,0,0.0002017701044678688,0.00014669820666313171,False
101,0,nominal,none,fpr_crp,235,29.678338376084948,29.837850045188716,0.15951166910376813,26.0,0.7,0.5,0.5,maintain,supervisor,True,,,0,0.9399916767799223,29.790822041573616,29.790822041573616,29.69867599785179,1,True,0,0.00019347947090864182,0.00013556145131587982,False
101,0,nominal,none,fpr_crp,236,29.69867599785179,29.86262333324481,0.16394733539301853,26.0,0.7,0.5,0.5,maintain,supervisor,True,,,0,0.9541974415955914,29.81361346658522,29.81361346658522,29.70279493606576,1,True,0,0.00019482895731925964,0.00016918126493692398,False
101,0,nominal,none,fpr_crp,237,29.70279493606576,29.712111139335104,0.009316203269342793,26.0,0.7,0.5,0.5,maintain,supervisor,True,,,0,0.9604207691828633,29.675142248188294,29.675142248188294,29.678837536809926,1,True,0,0.00021655205637216568,0.00015475880354642868,False
101,0,nominal,none,fpr_crp,238,29.678837536809926,29.771518486886798,0.09268095007687194,26.0,0.7,0.5,0.5,maintain,supervisor,True,,,0,0.9491853976317431,29.72979700793585,29.72979700793585,29.68493443355967,1,True,0,0.00020114798098802567,0.00014463532716035843,False
101,0,nominal,none,fpr_crp,239,29.68493443355967,29.577933825758414,-0.10700060780125398,26.0,0.7,0.5,0.5,maintain,supervisor,True,,,0,0.9205926524161288,29.55169911969774,29.55169911969774,29.66381482896238,1,True,0,0.00019839778542518616,0.0001409817487001419,False
